Sigma,Iteration,Vmax,Km,Ki
0.0,0,54.579462644726426,2.0577302054307136,1.9148948473642529
0.0,1,54.579462644726426,2.0577302054307136,1.9148948473642529
0.0,2,54.579462644726426,2.0577302054307136,1.9148948473642529
0.0,3,54.579462644726426,2.0577302054307136,1.9148948473642529
0.0,4,54.579462644726426,2.0577302054307136,1.9148948473642529
0.0,5,54.579462644726426,2.0577302054307136,1.9148948473642529
0.0,6,54.579462644726426,2.0577302054307136,1.9148948473642529
0.0,7,54.579462644726426,2.0577302054307136,1.9148948473642529
0.0,8,54.579462644726426,2.0577302054307136,1.9148948473642529
0.0,9,54.579462644726426,2.0577302054307136,1.9148948473642529
0.0,10,54.579462644726426,2.0577302054307136,1.9148948473642529
0.0,11,54.579462644726426,2.0577302054307136,1.9148948473642529
0.0,12,54.579462644726426,2.0577302054307136,1.9148948473642529
0.0,13,54.579462644726426,2.0577302054307136,1.9148948473642529
0.0,14,54.579462644726426,2.0577302054307136,1.9148948473642529
0.0,15,54.579462644726426,2.0577302054307136,1.9148948473642529
0.0,16,54.579462644726426,2.0577302054307136,1.9148948473642529
0.0,17,54.579462644726426,2.0577302054307136,1.9148948473642529
0.0,18,54.579462644726426,2.0577302054307136,1.9148948473642529
0.0,19,54.579462644726426,2.0577302054307136,1.9148948473642529
0.0,20,54.579462644726426,2.0577302054307136,1.9148948473642529
0.0,21,54.579462644726426,2.0577302054307136,1.9148948473642529
0.0,22,54.579462644726426,2.0577302054307136,1.9148948473642529
0.0,23,54.579462644726426,2.0577302054307136,1.9148948473642529
0.0,24,54.579462644726426,2.0577302054307136,1.9148948473642529
0.0,25,54.579462644726426,2.0577302054307136,1.9148948473642529
0.0,26,54.579462644726426,2.0577302054307136,1.9148948473642529
0.0,27,54.579462644726426,2.0577302054307136,1.9148948473642529
0.0,28,54.579462644726426,2.0577302054307136,1.9148948473642529
0.0,29,54.579462644726426,2.0577302054307136,1.9148948473642529
0.0,30,54.579462644726426,2.0577302054307136,1.9148948473642529
0.0,31,54.579462644726426,2.0577302054307136,1.9148948473642529
0.0,32,54.579462644726426,2.0577302054307136,1.9148948473642529
0.0,33,54.579462644726426,2.0577302054307136,1.9148948473642529
0.0,34,54.579462644726426,2.0577302054307136,1.9148948473642529
0.0,35,54.579462644726426,2.0577302054307136,1.9148948473642529
0.0,36,54.579462644726426,2.0577302054307136,1.9148948473642529
0.0,37,54.579462644726426,2.0577302054307136,1.9148948473642529
0.0,38,54.579462644726426,2.0577302054307136,1.9148948473642529
0.0,39,54.579462644726426,2.0577302054307136,1.9148948473642529
0.0,40,54.579462644726426,2.0577302054307136,1.9148948473642529
0.0,41,54.579462644726426,2.0577302054307136,1.9148948473642529
0.0,42,54.579462644726426,2.0577302054307136,1.9148948473642529
0.0,43,54.579462644726426,2.0577302054307136,1.9148948473642529
0.0,44,54.579462644726426,2.0577302054307136,1.9148948473642529
0.0,45,54.579462644726426,2.0577302054307136,1.9148948473642529
0.0,46,54.579462644726426,2.0577302054307136,1.9148948473642529
0.0,47,54.579462644726426,2.0577302054307136,1.9148948473642529
0.0,48,54.579462644726426,2.0577302054307136,1.9148948473642529
0.0,49,54.579462644726426,2.0577302054307136,1.9148948473642529
0.0,50,54.579462644726426,2.0577302054307136,1.9148948473642529
0.0,51,54.579462644726426,2.0577302054307136,1.9148948473642529
0.0,52,54.579462644726426,2.0577302054307136,1.9148948473642529
0.0,53,54.579462644726426,2.0577302054307136,1.9148948473642529
0.0,54,54.579462644726426,2.0577302054307136,1.9148948473642529
0.0,55,54.579462644726426,2.0577302054307136,1.9148948473642529
0.0,56,54.579462644726426,2.0577302054307136,1.9148948473642529
0.0,57,54.579462644726426,2.0577302054307136,1.9148948473642529
0.0,58,54.579462644726426,2.0577302054307136,1.9148948473642529
0.0,59,54.579462644726426,2.0577302054307136,1.9148948473642529
0.0,60,54.579462644726426,2.0577302054307136,1.9148948473642529
0.0,61,54.579462644726426,2.0577302054307136,1.9148948473642529
0.0,62,54.579462644726426,2.0577302054307136,1.9148948473642529
0.0,63,54.579462644726426,2.0577302054307136,1.9148948473642529
0.0,64,54.579462644726426,2.0577302054307136,1.9148948473642529
0.0,65,54.579462644726426,2.0577302054307136,1.9148948473642529
0.0,66,54.579462644726426,2.0577302054307136,1.9148948473642529
0.0,67,54.579462644726426,2.0577302054307136,1.9148948473642529
0.0,68,54.579462644726426,2.0577302054307136,1.9148948473642529
0.0,69,54.579462644726426,2.0577302054307136,1.9148948473642529
0.0,70,54.579462644726426,2.0577302054307136,1.9148948473642529
0.0,71,54.579462644726426,2.0577302054307136,1.9148948473642529
0.0,72,54.579462644726426,2.0577302054307136,1.9148948473642529
0.0,73,54.579462644726426,2.0577302054307136,1.9148948473642529
0.0,74,54.579462644726426,2.0577302054307136,1.9148948473642529
0.0,75,54.579462644726426,2.0577302054307136,1.9148948473642529
0.0,76,54.579462644726426,2.0577302054307136,1.9148948473642529
0.0,77,54.579462644726426,2.0577302054307136,1.9148948473642529
0.0,78,54.579462644726426,2.0577302054307136,1.9148948473642529
0.0,79,54.579462644726426,2.0577302054307136,1.9148948473642529
0.0,80,54.579462644726426,2.0577302054307136,1.9148948473642529
0.0,81,54.579462644726426,2.0577302054307136,1.9148948473642529
0.0,82,54.579462644726426,2.0577302054307136,1.9148948473642529
0.0,83,54.579462644726426,2.0577302054307136,1.9148948473642529
0.0,84,54.579462644726426,2.0577302054307136,1.9148948473642529
0.0,85,54.579462644726426,2.0577302054307136,1.9148948473642529
0.0,86,54.579462644726426,2.0577302054307136,1.9148948473642529
0.0,87,54.579462644726426,2.0577302054307136,1.9148948473642529
0.0,88,54.579462644726426,2.0577302054307136,1.9148948473642529
0.0,89,54.579462644726426,2.0577302054307136,1.9148948473642529
0.0,90,54.579462644726426,2.0577302054307136,1.9148948473642529
0.0,91,54.579462644726426,2.0577302054307136,1.9148948473642529
0.0,92,54.579462644726426,2.0577302054307136,1.9148948473642529
0.0,93,54.579462644726426,2.0577302054307136,1.9148948473642529
0.0,94,54.579462644726426,2.0577302054307136,1.9148948473642529
0.0,95,54.579462644726426,2.0577302054307136,1.9148948473642529
0.0,96,54.579462644726426,2.0577302054307136,1.9148948473642529
0.0,97,54.579462644726426,2.0577302054307136,1.9148948473642529
0.0,98,54.579462644726426,2.0577302054307136,1.9148948473642529
0.0,99,54.579462644726426,2.0577302054307136,1.9148948473642529
0.14285714285714285,0,56.67615679485583,2.1641098018645764,1.9318647199463068
0.14285714285714285,1,57.43078480824651,2.2134993243674197,1.975316114734648
0.14285714285714285,2,53.91654711160448,2.045661429649486,1.9611962987392928
0.14285714285714285,3,54.18054353894361,2.03538133495494,1.969713314065139
0.14285714285714285,4,56.213525894601894,2.131625479295238,1.9464291462743346
0.14285714285714285,5,50.94760822748898,1.9144488856631405,1.8914250974385438
0.14285714285714285,6,49.579650105794556,1.7873522809329458,1.9050675384981235
0.14285714285714285,7,54.697006229514535,2.0855911447283306,1.9521004403777191
0.14285714285714285,8,51.52205061987409,1.9056468552880788,1.9468476620214472
0.14285714285714285,9,54.63454409817845,2.0509433969447306,1.8643067111144214
0.14285714285714285,10,52.93443780194347,1.9266627553860878,1.8628206990141007
0.14285714285714285,11,51.14209529063349,1.8851319784829663,1.9401946869664772
0.14285714285714285,12,50.809531587020004,1.873997793244275,1.8862866950029171
0.14285714285714285,13,57.96195364561772,2.226492424819984,1.8765451523222865
0.14285714285714285,14,54.38034072094143,2.0492437427130543,1.9339580906211373
0.14285714285714285,15,48.99207544231452,1.7633884598263165,1.9248300339327509
0.14285714285714285,16,58.66514386662927,2.294548269082544,1.9380634930862377
0.14285714285714285,17,57.0266181472248,2.172207903362516,1.9348288840821346
0.14285714285714285,18,52.99212184662477,1.9744704829330226,1.9112014516079543
0.14285714285714285,19,55.06866046880353,2.1146063111094136,2.032226603905901
0.14285714285714285,20,57.66538986919419,2.2147944841779887,1.8866667731516449
0.14285714285714285,21,52.54709655927766,1.9596946722564945,1.9614277415265011
0.14285714285714285,22,51.72615130947332,1.8726254551375467,1.85520818679542
0.14285714285714285,23,52.89762434770305,1.9473535803444375,1.8601509973125752
0.14285714285714285,24,55.27744408170898,2.088856298598381,1.8983214903875434
0.14285714285714285,25,55.30261436814461,2.0868353715938706,1.8758405314028805
0.14285714285714285,26,52.75919538501538,1.9439946954338847,1.8139495374486239
0.14285714285714285,27,57.308329981823015,2.1920309969121456,1.947686009832962
0.14285714285714285,28,60.3997890632838,2.3517361837394706,1.8696791091767342
0.14285714285714285,29,56.27684657342429,2.1720777661864132,1.9838004298223901
0.14285714285714285,30,59.59828638796259,2.353868071839202,1.9258482088599758
0.14285714285714285,31,59.485931291451735,2.315031661209004,1.9153124279242664
0.14285714285714285,32,53.0835046182749,1.9534348381680373,1.8965084601916116
0.14285714285714285,33,53.621473979385534,2.010187886516633,1.8927885868948306
0.14285714285714285,34,58.51421911206744,2.2322226578677813,1.796636209776824
0.14285714285714285,35,54.098131164239696,2.0909562723182478,2.0558052740194523
0.14285714285714285,36,56.958100265100036,2.1634664028292643,1.8567115569826642
0.14285714285714285,37,49.99508305718988,1.8220124420484827,1.9486910859612632
0.14285714285714285,38,56.45504232827609,2.145119161842003,1.8531258935031718
0.14285714285714285,39,54.81762950135998,2.069988193278619,1.9343002884344778
0.14285714285714285,40,55.128705213212385,2.0725004159589346,1.9105478226174364
0.14285714285714285,41,54.403856001562495,2.0120356420908636,1.8786415515369388
0.14285714285714285,42,61.191217838090374,2.387619600220742,1.8432045833214665
0.14285714285714285,43,54.04549703608378,1.9995599948257805,1.8712503770410158
0.14285714285714285,44,53.198846440624735,2.0179774300302458,1.9272171597043997
0.14285714285714285,45,64.95029037309241,2.60664260597714,1.8757504318859513
0.14285714285714285,46,53.99011328245124,2.009432677126549,1.884759147724819
0.14285714285714285,47,60.71952613911729,2.365958674939659,1.8197627752473136
0.14285714285714285,48,50.63620693397034,1.8355408809060063,1.9062853391001338
0.14285714285714285,49,50.48718833040324,1.8416841478763257,1.9593703228488244
0.14285714285714285,50,50.3062674419719,1.842045028127078,1.9513538867467592
0.14285714285714285,51,59.029942255353305,2.283689565937994,1.9147513049071538
0.14285714285714285,52,47.31949751629575,1.6876819611321325,1.932737317464426
0.14285714285714285,53,61.46524268479619,2.394873803193983,1.814611955663373
0.14285714285714285,54,57.461406949567305,2.207940996436837,1.8911626386275762
0.14285714285714285,55,53.539739035958846,1.9937194420333817,1.8941339379740267
0.14285714285714285,56,51.72245992810032,1.895894648143358,1.9041850005751588
0.14285714285714285,57,48.076903663789615,1.707628480834104,1.9380430750536295
0.14285714285714285,58,51.43869876024113,1.873039936529513,1.919253149261951
0.14285714285714285,59,57.972015475601765,2.278651283743165,1.9645669090074556
0.14285714285714285,60,49.12831405326992,1.7886572010864261,1.9829683577186392
0.14285714285714285,61,56.503992341203414,2.155678883453468,1.9711151466997407
0.14285714285714285,62,54.12598082671448,2.009356471661597,1.8477188715328545
0.14285714285714285,63,55.68531506141545,2.161176036022781,1.9846973196264541
0.14285714285714285,64,52.731271708008244,1.9744957005874302,1.9881718261204915
0.14285714285714285,65,50.86938341337655,1.87461593197753,1.892435112332692
0.14285714285714285,66,58.47367197381468,2.2744944923082913,1.9305764844201512
0.14285714285714285,67,59.547685688144014,2.311121189688341,1.9516863066722712
0.14285714285714285,68,57.951053437577436,2.278271404728445,1.9355408888871013
0.14285714285714285,69,61.225530404471435,2.4179425457965364,1.947690841662466
0.14285714285714285,70,53.22239165013577,1.963297770946305,1.838531364296583
0.14285714285714285,71,57.443846861237446,2.188314844415701,1.8673198014659587
0.14285714285714285,72,52.644456358212935,1.9745327789276244,1.896639922650401
0.14285714285714285,73,52.672518043983295,1.949101918416831,1.8537502803956356
0.14285714285714285,74,56.89724267686218,2.1678808787194597,1.8532325849605626
0.14285714285714285,75,59.55060767413503,2.302828822970625,1.901891712753299
0.14285714285714285,76,56.05062794893113,2.1922830194118847,1.9507214901134564
0.14285714285714285,77,57.95619187480861,2.2246610596632754,1.9588117416350326
0.14285714285714285,78,54.24173415269988,2.0544158306408056,1.954104800763654
0.14285714285714285,79,58.052769267623965,2.2332563285397096,1.9507222426449906
0.14285714285714285,80,55.0105104771741,2.0650909083968707,1.9459219105511802
0.14285714285714285,81,56.08739652534378,2.1608634297702833,1.9587775723290428
0.14285714285714285,82,56.66947278079481,2.1967555889930206,1.9340600497854532
0.14285714285714285,83,51.33677130879528,1.890713956591781,1.9072230103494567
0.14285714285714285,84,53.31957935436527,1.9979504156456578,1.9905967528890594
0.14285714285714285,85,56.76319741862621,2.1743613785665725,1.9131769299667207
0.14285714285714285,86,62.5158244221493,2.477776723528971,1.8658419269350088
0.14285714285714285,87,54.386242271517744,2.0378409921704006,1.8567007867775018
0.14285714285714285,88,57.8514469053805,2.254791742489141,1.9665655455624143
0.14285714285714285,89,47.70176274582289,1.7264410531374716,2.0046726735974985
0.14285714285714285,90,65.12408777929237,2.634352424249462,1.9302135704104657
0.14285714285714285,91,51.810575024824765,1.9199548304056187,1.9516348303141453
0.14285714285714285,92,51.97309195451687,1.922270209330278,1.8640492874180115
0.14285714285714285,93,54.96616767902195,2.0811672859254915,1.9350875956985503
0.14285714285714285,94,55.2345693465787,2.1019246747168285,1.924803156596546
0.14285714285714285,95,54.69542146697237,2.0097368889261293,1.7723318181346666
0.14285714285714285,96,56.612309927294994,2.1826725802326763,1.9610777087330566
0.14285714285714285,97,49.77063567521257,1.788687464244033,1.8840777668364346
0.14285714285714285,98,54.33106024699746,2.04845113432771,1.8802948371859176
0.14285714285714285,99,55.56885872067093,2.1127480146527917,1.8824325064392797
0.2857142857142857,0,49.116978872285934,1.7771703952327287,1.852100124328581
0.2857142857142857,1,52.96770537390323,2.073817820892934,2.1690214405796437
0.2857142857142857,2,46.34184443110513,1.6812325561868586,2.1642385192056297
0.2857142857142857,3,48.766156114715606,1.770756338752034,1.9335982998829597
0.2857142857142857,4,64.94820087653042,2.5505607079090136,1.730720467838106
0.2857142857142857,5,54.33088670971056,2.093265627926988,2.0063934763449023
0.2857142857142857,6,53.23115961620406,2.009682513881222,1.9502844103632486
0.2857142857142857,7,47.939236732445465,1.692998882454343,1.892615417714613
0.2857142857142857,8,65.82663278291999,2.7184359808681697,2.090095954815554
0.2857142857142857,9,57.4735561844524,2.21395620820731,1.8503307892318053
0.2857142857142857,10,54.63105721753134,2.111896535840015,1.9288485503902182
0.2857142857142857,11,66.84822793312169,2.6821291452257596,1.90668658700672
0.2857142857142857,12,48.41129345316938,1.7506009185758407,1.7373860269604917
0.2857142857142857,13,43.70144598021727,1.524845289551433,1.8825545264184123
0.2857142857142857,14,63.25997051050563,2.514508160345455,1.8185075728301145
0.2857142857142857,15,47.9723201583107,1.7338530196965478,1.746656216285655
0.2857142857142857,16,66.69272217267783,2.762732085114127,1.9725691057719266
0.2857142857142857,17,52.651698173225306,1.9884692606092944,1.8987900915918976
0.2857142857142857,18,50.91909874683746,1.8920377506188117,1.9779988184666664
0.2857142857142857,19,54.63304290194426,2.0164350263454427,1.8465376067814188
0.2857142857142857,20,58.91491980484823,2.296589974170994,1.834338293037225
0.2857142857142857,21,54.351021028255616,2.0244711429041744,1.919180568819014
0.2857142857142857,22,47.86311084429435,1.6792314452270445,1.9102985854988634
0.2857142857142857,23,51.334547003261555,1.8480408261089512,1.973428308746114
0.2857142857142857,24,55.164071856408945,2.081163419271379,1.8098130589296915
0.2857142857142857,25,49.89364820169182,1.8802100611585464,2.086618996735049
0.2857142857142857,26,51.75542103318894,1.9169120001830189,2.047702523941179
0.2857142857142857,27,54.07079128781646,2.0888056428041333,1.9833236597745103
0.2857142857142857,28,44.043412169941675,1.443495517218439,1.6378126653340013
0.2857142857142857,29,52.37957145155105,1.914072307373343,1.9119507055663194
0.2857142857142857,30,49.277592631574926,1.862533122886496,1.8991318974167415
0.2857142857142857,31,58.73039283116808,2.2547619938396712,1.902555254886528
0.2857142857142857,32,54.58920870253773,2.046185469238847,2.007108675019599
0.2857142857142857,33,77.57458842700656,3.2684815043485274,1.8004304566139557
0.2857142857142857,34,51.10732525801462,1.9109210923085966,2.0523495070575306
0.2857142857142857,35,55.67219784490346,2.1063294325719975,1.9263993673267563
0.2857142857142857,36,57.89189261536774,2.1534692584859103,1.8989227785022302
0.2857142857142857,37,51.815309478864805,1.9316478385887486,1.9773635458063117
0.2857142857142857,38,50.066774652302406,1.8203673903625457,1.9274368564454025
0.2857142857142857,39,49.99849080655421,1.8556245126158788,1.9958399275116703
0.2857142857142857,40,64.00222953805559,2.51910561810854,1.8710586715820539
0.2857142857142857,41,59.964382339457316,2.409476361475308,2.032945304147188
0.2857142857142857,42,69.28875308747911,2.7659990759615622,1.7274712308439053
0.2857142857142857,43,48.319092854674984,1.6789073305575457,1.7006113658584872
0.2857142857142857,44,56.68296285907155,2.1849186444068613,1.984165861895894
0.2857142857142857,45,58.62436239718409,2.2749240784871754,2.0852954779325508
0.2857142857142857,46,57.38712180911821,2.216693010569493,1.8307010227970044
0.2857142857142857,47,61.559584836301795,2.4322184297589304,1.995663292665497
0.2857142857142857,48,53.75818418394066,2.023411857929232,1.9636441605248838
0.2857142857142857,49,67.89154445515857,2.7776326318923026,1.8966175264387388
0.2857142857142857,50,59.154540696339104,2.2918957475618162,1.9247144098458868
0.2857142857142857,51,58.33585301113065,2.331460823687307,2.058119135263867
0.2857142857142857,52,72.3904596976893,2.9899926440083915,1.8034678128072648
0.2857142857142857,53,45.86576967152774,1.650536162295574,2.117297538018201
0.2857142857142857,54,52.644078335896666,1.8796502174444227,1.8938574086055695
0.2857142857142857,55,48.12927762412526,1.6860628869017147,1.7323811516150085
0.2857142857142857,56,59.53152849106669,2.262415223553983,1.955128086827433
0.2857142857142857,57,58.718627945621506,2.2482480667373603,2.0541231782362184
0.2857142857142857,58,48.61021303016502,1.805393711217656,2.0255718675206764
0.2857142857142857,59,61.27390292616611,2.408906143182817,2.1162309850616206
0.2857142857142857,60,46.11815924049856,1.6696808170824278,2.061901118174069
0.2857142857142857,61,52.79578837281504,1.9327135409406258,1.8260847264064033
0.2857142857142857,62,50.69662850863203,1.7799847420933501,1.9111842168849136
0.2857142857142857,63,59.965247204929454,2.3291610539477445,1.7661480160805263
0.2857142857142857,64,63.46922463135236,2.5387829070811954,1.9625689162092304
0.2857142857142857,65,63.30502495346204,2.540873165145851,1.832853271134304
0.2857142857142857,66,62.34596912610456,2.5193051122474435,2.032879896818614
0.2857142857142857,67,54.29593349498464,2.1324842173363754,1.9916890507636664
0.2857142857142857,68,73.31577860755043,3.042896125081662,1.7215833940748106
0.2857142857142857,69,52.46186206715723,1.9255558852533725,2.095695592083327
0.2857142857142857,70,51.86253646318721,1.9407057259230247,1.962220415471088
0.2857142857142857,71,54.7518622832672,2.0420728736783382,1.9100464779185107
0.2857142857142857,72,48.31877097275337,1.729328110743611,1.9444179729159743
0.2857142857142857,73,65.75210946441629,2.777235206889291,1.9591590813797868
0.2857142857142857,74,51.24655050780472,1.8404943463234873,1.7967547081786224
0.2857142857142857,75,69.71082320854308,2.8925447762038057,2.030197122092993
0.2857142857142857,76,52.14823688178046,1.925987575650842,1.974979223006634
0.2857142857142857,77,63.508997728880786,2.4399903054710137,1.7530021384837942
0.2857142857142857,78,49.3684475417949,1.7278681284730595,1.8531625826422249
0.2857142857142857,79,49.40907323870678,1.7479184238922567,1.7886738243386764
0.2857142857142857,80,50.30028316194133,1.803322040854616,1.9770131428964999
0.2857142857142857,81,51.326871063595135,1.8453280969451475,1.7596959273380712
0.2857142857142857,82,54.724498158909576,2.0304270061631984,1.860539411344521
0.2857142857142857,83,62.32349768360073,2.4796036049369357,1.8757754680789298
0.2857142857142857,84,54.508680371291916,2.007435124337018,1.975419755920439
0.2857142857142857,85,60.13267893733411,2.3304446855254506,2.0429287877681714
0.2857142857142857,86,51.05313551522839,1.8823153693452723,2.0426423766415374
0.2857142857142857,87,55.884320377024444,2.0846735413664534,1.9860898921763355
0.2857142857142857,88,45.88959278804469,1.6247716956315559,1.9975803343969816
0.2857142857142857,89,48.46664203787525,1.7265327113863247,1.8048282829609366
0.2857142857142857,90,54.87595165788614,2.0915550945364223,1.8518997766841379
0.2857142857142857,91,46.99135741873177,1.6881553803271219,2.085296086578994
0.2857142857142857,92,54.467404678827,2.0559711051040006,1.9413082169836733
0.2857142857142857,93,47.573965397849086,1.6983558017122649,1.9233004879793665
0.2857142857142857,94,49.207663228876974,1.7738635917575138,1.80731833966166
0.2857142857142857,95,49.46612531074876,1.8107972847827478,1.8398863433135713
0.2857142857142857,96,49.416307426222126,1.800249073675111,1.9367243673715233
0.2857142857142857,97,46.55618786751552,1.6317090383184156,1.8885304131028253
0.2857142857142857,98,54.23208555081589,2.0951964767679683,1.8374521827611172
0.2857142857142857,99,50.54508769487524,1.8541839655019423,1.9591874621703622
0.42857142857142855,0,70.60826759234017,2.881568087658378,1.79672570088236
0.42857142857142855,1,64.37350699647443,2.546619946931475,1.8376542991138825
0.42857142857142855,2,64.62400648729141,2.6076125542282433,1.8071408862005147
0.42857142857142855,3,51.9976615428835,1.922528051052501,1.9330651750362557
0.42857142857142855,4,108.65948707721978,4.724607815421289,1.7662065615554234
0.42857142857142855,5,47.87328678876084,1.680594778897938,1.8628397128213827
0.42857142857142855,6,67.0074712883195,2.6934872515548185,1.8592344834036807
0.42857142857142855,7,48.365114854516456,1.7640595987977574,2.2000522221396817
0.42857142857142855,8,49.6515225348744,1.8250543009556992,2.057377240463485
0.42857142857142855,9,59.63338074762208,2.254373266257293,1.770095553986706
0.42857142857142855,10,46.90540440725551,1.673560538890956,2.082035379788119
0.42857142857142855,11,54.05779008760743,1.998891104537404,1.728012909812601
0.42857142857142855,12,58.31604758967214,2.32760249821328,1.8324530959102676
0.42857142857142855,13,58.00449687290049,2.163085313154843,1.8280146945239577
0.42857142857142855,14,38.01530734329679,1.186841214284229,1.9720106822656154
0.42857142857142855,15,48.103866413965015,1.6971919407353435,1.9787632181159112
0.42857142857142855,16,59.43799805446114,2.38762916473669,2.315274792143195
0.42857142857142855,17,80.53509552162507,3.357090474559188,1.7899427586241767
0.42857142857142855,18,42.053817256244436,1.3590424986889518,1.8424801975507257
0.42857142857142855,19,65.01176048673199,2.792945680496038,1.9574055773622736
0.42857142857142855,20,49.31824815547548,1.7187198568641413,1.8265089925302875
0.42857142857142855,21,64.13657492972666,2.5814742923951948,1.9004421472525166
0.42857142857142855,22,51.590121847157825,1.9146933345223989,2.0168395603347293
0.42857142857142855,23,65.67984676043892,2.659858842077988,2.151074443093344
0.42857142857142855,24,42.006257374394465,1.3766652502540866,1.788281077835935
0.42857142857142855,25,48.73403225110205,1.7246108909266527,1.937283509421883
0.42857142857142855,26,51.566980730879585,2.0809232679156353,2.2770477248837646
0.42857142857142855,27,56.94040934811219,2.170709831324964,1.992613443016761
0.42857142857142855,28,50.03887074697048,1.9889826699101352,2.24995154501579
0.42857142857142855,29,54.470816051302684,2.08206107275826,2.080249370231595
0.42857142857142855,30,53.55824939829848,1.994103132305213,1.8631909363715413
0.42857142857142855,31,53.65273380908617,1.9378154605458826,1.8432008282538925
0.42857142857142855,32,53.453103613088594,1.90646908242313,1.8158870412817303
0.42857142857142855,33,45.02340598811385,1.5161365055190281,1.9492448038006789
0.42857142857142855,34,47.038968979817184,1.6535500857404668,2.0620552873099824
0.42857142857142855,35,66.54212158811515,2.670409020228234,1.7145909051604133
0.42857142857142855,36,63.33052007976188,2.4793340854212405,1.7708359029801706
0.42857142857142855,37,46.09169439090214,1.5675775659395565,1.8301118025908156
0.42857142857142855,38,57.59970970602586,2.2346638411219266,2.1500499632788244
0.42857142857142855,39,75.22130048980982,3.2097862208555137,1.8407752575674439
0.42857142857142855,40,66.39620955759733,2.5417463189433667,1.8871559343685793
0.42857142857142855,41,56.585379974270076,2.116174496937912,1.8123850385537108
0.42857142857142855,42,49.06745746299741,1.766399839675398,1.8263029886662092
0.42857142857142855,43,58.01547731308919,2.1867731370190073,1.872054128970276
0.42857142857142855,44,60.89861595635609,2.3061335373090213,1.7769460173519935
0.42857142857142855,45,52.48302143021329,1.9310941535139667,2.00388479894225
0.42857142857142855,46,47.452666164922405,1.7009391760197305,1.8969099258744069
0.42857142857142855,47,47.98374869331406,1.6776673927007069,1.8172204248049826
0.42857142857142855,48,49.0788511564598,1.8013310611537081,2.184875959466152
0.42857142857142855,49,45.33380142951461,1.5469847696908399,2.037499811944474
0.42857142857142855,50,54.69333891525958,2.0688922926792928,1.7634546775210418
0.42857142857142855,51,55.32921381904713,2.0727411550841843,1.7922790271518623
0.42857142857142855,52,76.36994248997502,3.192147276768745,1.9272906342208997
0.42857142857142855,53,53.19866404571643,1.9532935676767478,1.70127599681253
0.42857142857142855,54,77.1020772359527,3.3304500958587875,1.8160589077825537
0.42857142857142855,55,55.353601261145826,2.1509293361309645,2.0353183490514852
0.42857142857142855,56,52.58731584472224,1.9391786731949814,1.9505215141591628
0.42857142857142855,57,53.92556396435813,1.9672939561609502,2.0894819723033673
0.42857142857142855,58,105.330507640207,4.856367246579803,1.8530401824091978
0.42857142857142855,59,55.300824244406385,2.063610293204646,1.9167417879546582
0.42857142857142855,60,63.91890198071933,2.5537541211446313,1.955574314910705
0.42857142857142855,61,51.10068716429332,1.8490651125296789,1.9698945870304716
0.42857142857142855,62,60.95480047350351,2.3829799592049037,1.8214632387578584
0.42857142857142855,63,54.73548694663624,2.106513575128318,1.7971021415820079
0.42857142857142855,64,50.54306772547345,1.920188686772743,2.1751451674196107
0.42857142857142855,65,78.5338954493087,3.3114201735671167,1.8564983087293185
0.42857142857142855,66,52.495794849727595,1.9253388071852522,2.0405735586875604
0.42857142857142855,67,40.95102595867538,1.252001544583861,1.7290765570424496
0.42857142857142855,68,50.17149579096592,1.7737005382237028,1.7299794821475714
0.42857142857142855,69,58.71754278053295,2.2250753610231637,1.8508351951754327
0.42857142857142855,70,44.320388610923786,1.590894454657545,1.9808034914137032
0.42857142857142855,71,55.004033587792854,2.0702671403228923,1.8713979468695885
0.42857142857142855,72,59.76524895397914,2.344692220252268,1.7574098453302551
0.42857142857142855,73,78.04898929600276,3.342652506347701,1.7996535843370514
0.42857142857142855,74,58.68481738068884,2.2755675932534563,1.7691582802226815
0.42857142857142855,75,49.39039711940444,1.7855959757306958,1.9525613519739349
0.42857142857142855,76,65.31094626729242,2.6143822938677763,1.6755197396938375
0.42857142857142855,77,57.47844699387143,2.1883169351393796,1.8135379089834445
0.42857142857142855,78,46.037987359619564,1.627723464383038,1.9253055598174345
0.42857142857142855,79,62.84080336044467,2.5368679062774264,2.0847604288078796
0.42857142857142855,80,54.195246917496966,1.9893010739397392,2.138474682916789
0.42857142857142855,81,69.60511353009336,2.827795986745417,1.7844013853268652
0.42857142857142855,82,52.61019708843302,1.8145403613405096,1.6579659791594439
0.42857142857142855,83,52.99506246333259,1.971498014866111,2.0659067692941835
0.42857142857142855,84,59.6697753260904,2.374319910089962,1.860534365745996
0.42857142857142855,85,32.72677932984264,0.9361106564602594,2.0310461311635697
0.42857142857142855,86,44.35830370577362,1.5994450067799177,2.260083577791995
0.42857142857142855,87,50.69194851880132,1.7645102975185771,1.6880412062386192
0.42857142857142855,88,59.042223101214816,2.2046002355159744,1.8973278771945046
0.42857142857142855,89,37.440508722192156,1.1689204452791548,1.96235949529845
0.42857142857142855,90,51.60076154142638,1.9652008475456813,2.0341102349425144
0.42857142857142855,91,54.442309535484156,2.072169475527797,1.7642999411293905
0.42857142857142855,92,74.17211150703847,3.0069696457689346,1.8937767493003526
0.42857142857142855,93,45.70542102046158,1.5990076176205776,1.8868445140232448
0.42857142857142855,94,44.23980670413645,1.513856569415408,1.8223151146580754
0.42857142857142855,95,69.0070397507165,2.8009343481551374,1.8430733446725778
0.42857142857142855,96,46.86564217507431,1.5706900342432435,1.898996361460969
0.42857142857142855,97,53.256516586967585,2.1073218223506562,2.385527056174748
0.42857142857142855,98,59.338432023587515,2.2933727685139744,1.8486708522838877
0.42857142857142855,99,44.833212670091434,1.4710213598035835,1.8601977170022435
0.5714285714285714,0,35.64205762813797,1.0489232616579232,2.12584441164645
0.5714285714285714,1,39.903565689751574,1.3153298569413157,1.808369841808582
0.5714285714285714,2,59.97710814699833,2.3334614352425973,2.064771838642706
0.5714285714285714,3,45.24205119888219,1.4925827393807294,1.684227847347097
0.5714285714285714,4,71.20815332429433,2.8486876181456537,1.7959881270434053
0.5714285714285714,5,48.56887289052051,1.7202900056526826,2.1635239540070934
0.5714285714285714,6,44.987213300988245,1.5479420735216982,1.8708315563026714
0.5714285714285714,7,43.722054846530334,1.594080447347674,2.0016885054122446
0.5714285714285714,8,59.1080221089842,2.470122937390098,2.1260758746105433
0.5714285714285714,9,41.69694771647413,1.4174333465516542,2.2248333066566968
0.5714285714285714,10,39.2652643526971,1.3351035875384532,1.9573281908284312
0.5714285714285714,11,69.03661775183855,2.923245166244219,2.0856664334482184
0.5714285714285714,12,70.23030760805686,2.8656414751012984,1.908320527605433
0.5714285714285714,13,52.71688634769698,1.9193297474904187,2.1189880351861667
0.5714285714285714,14,51.334786822156744,1.8435557848982191,1.894618880930976
0.5714285714285714,15,100.66106362780909,4.388133972690015,1.620110054665185
0.5714285714285714,16,42.869616394070825,1.5048079957217757,2.0784994021227567
0.5714285714285714,17,70.14998858056948,2.9374835637974037,1.9722612239464148
0.5714285714285714,18,40.712999616368926,1.304179642797349,1.9919190950621994
0.5714285714285714,19,54.74176365639072,2.0256476381021775,1.5944157951567623
0.5714285714285714,20,46.622166923181986,1.7642145648086522,2.4006486397035296
0.5714285714285714,21,71.57192086900406,2.853623430709103,1.5437389592398283
0.5714285714285714,22,59.93239334819526,2.34309688259844,1.7192416221468718
0.5714285714285714,23,50.71985641075644,1.836010549919951,1.8229897341534351
0.5714285714285714,24,66.14287227852034,2.5254496697843174,1.8336698978360566
0.5714285714285714,25,47.52917049872802,1.6525535098322095,1.6798553242060863
0.5714285714285714,26,55.429220942580166,2.0443272352533617,1.8002937614961507
0.5714285714285714,27,32.735089949642955,0.9701265307246127,2.2829469843244268
0.5714285714285714,28,80.43559192343561,3.4618209973228056,1.7665383941070913
0.5714285714285714,29,104.7156009393841,4.6143002781196065,1.8727584641655834
0.5714285714285714,30,75.272819138843,3.2530687317270566,1.849785920598619
0.5714285714285714,31,59.339247912355106,2.2233709345243686,1.7122590659822925
0.5714285714285714,32,73.56274450079567,3.2312250529667303,1.6591093441958622
0.5714285714285714,33,55.00318240172772,2.0859791000080508,1.9760639783425689
0.5714285714285714,34,76.28943779825163,3.320778672865275,1.9955248507787418
0.5714285714285714,35,59.581439892675164,2.380544605321233,2.050572633034147
0.5714285714285714,36,63.574790661627766,2.456732796261016,1.72415476399431
0.5714285714285714,37,41.20055360966622,1.3196341937876628,1.8967042585376648
0.5714285714285714,38,48.82347435546613,1.6704697103858086,1.625982463565651
0.5714285714285714,39,46.41145497035747,1.6378903943165515,1.6768231168113825
0.5714285714285714,40,47.78184118135163,1.613429513054468,1.5825183672097416
0.5714285714285714,41,57.37887049464813,2.261737054310923,2.0302614746720553
0.5714285714285714,42,47.935159400083364,1.6572365155229198,1.5731569115873478
0.5714285714285714,43,42.48596742099843,1.427755770407728,1.8169637032125416
0.5714285714285714,44,48.11892434831074,1.7653445187164403,2.432874278480487
0.5714285714285714,45,60.47692918721278,2.3612645209208822,2.2207826956409193
0.5714285714285714,46,58.7444761347901,2.1722164944904834,1.6714976760215499
0.5714285714285714,47,65.12809778226543,2.744303889138879,1.9723904857955104
0.5714285714285714,48,40.148170569454656,1.300094354617929,2.0339076432646355
0.5714285714285714,49,51.508534350958236,1.9915120022126351,2.0302868610893063
0.5714285714285714,50,50.7659595330149,1.830245038043095,2.0429953545869197
0.5714285714285714,51,72.6604903178119,2.915391684803335,1.732306695260611
0.5714285714285714,52,97.00164531199913,4.440627507833591,1.8168193547600302
0.5714285714285714,53,46.49866965294633,1.674087750609631,2.130835909458431
0.5714285714285714,54,62.99788857732068,2.607158249750243,2.177355770605067
0.5714285714285714,55,81.5190788299634,3.412086303267568,2.0152676165259638
0.5714285714285714,56,32.915696603124346,0.9908585376933488,2.2126306861521963
0.5714285714285714,57,48.97096353853303,1.8225058017273934,2.0559463504291333
0.5714285714285714,58,63.37165873160923,2.463637000077531,1.89610702772543
0.5714285714285714,59,77.76755169166717,3.2758933130326513,1.9518637533533407
0.5714285714285714,60,34.32214520670313,0.9094824406817099,1.7395760022826343
0.5714285714285714,61,97.27657028479966,4.247103369640853,1.8815436158506695
0.5714285714285714,62,38.090479881833424,1.2314116157980444,1.8121805522218761
0.5714285714285714,63,63.06925905895227,2.4710831429258877,1.7994794717959501
0.5714285714285714,64,36.975223681363985,1.2136975419969833,2.3453019520912686
0.5714285714285714,65,41.42932478048469,1.3507999499942336,2.0327421883313446
0.5714285714285714,66,138.89224981027743,6.577840022029816,1.7754168445355298
0.5714285714285714,67,40.360391806066254,1.2557897836850622,1.9702194167545222
0.5714285714285714,68,45.840239424282295,1.6015008324158713,2.237732037681618
0.5714285714285714,69,36.08524722994445,1.0447343761242047,1.938000792802346
0.5714285714285714,70,36.631042304252006,1.1186064873123935,2.0840165306265397
0.5714285714285714,71,54.28585366278248,2.098506845842808,2.0368011748904786
0.5714285714285714,72,39.889755140976575,1.2614141464050888,1.63901455809631
0.5714285714285714,73,36.98453279826299,1.0950506679568335,1.7899988835026148
0.5714285714285714,74,59.91596060066705,2.2786887205716395,1.8128586937409417
0.5714285714285714,75,63.044925262437296,2.4852923863329064,1.9212329528045544
0.5714285714285714,76,49.59699328038808,1.7674937084239388,1.723614308374679
0.5714285714285714,77,70.39697105684287,2.8365314713826923,2.0309320914055444
0.5714285714285714,78,100.03472212000372,4.483932218541653,2.019932316149945
0.5714285714285714,79,79.37162269305585,3.369290748449178,2.2231448610951383
0.5714285714285714,80,47.64726040741628,1.79559199595272,2.1299725957390288
0.5714285714285714,81,41.05911902569292,1.3486456571595502,2.002971987782491
0.5714285714285714,82,39.678271426135346,1.3770800400094556,2.0390487677979596
0.5714285714285714,83,92.99997095529841,4.044453944014281,1.6779839545144357
0.5714285714285714,84,43.33271467922303,1.474350636601177,1.7704671743501357
0.5714285714285714,85,47.869633971902445,1.702991068636377,1.9131518097659626
0.5714285714285714,86,48.76297204909066,1.9385090990147742,2.220628153178027
0.5714285714285714,87,43.70074802976213,1.5031165678789695,2.005516416268058
0.5714285714285714,88,65.44885596691766,2.7829045981741554,1.9760981603717573
0.5714285714285714,89,60.471686541335394,2.2815216546067156,1.6685705809539448
0.5714285714285714,90,50.79864742886464,1.8177528133982888,1.8270088949008776
0.5714285714285714,91,45.80474062204548,1.5098328642945755,1.5518733680660164
0.5714285714285714,92,61.331406451641165,2.485528160326366,2.0930889524843663
0.5714285714285714,93,68.09280565791461,2.9216029272016333,1.864216851945669
0.5714285714285714,94,71.604058936217,2.851108743321954,1.7867228259486423
0.5714285714285714,95,43.95523674642433,1.508575253950435,1.9821553220622332
0.5714285714285714,96,42.65840110727092,1.4081849045716963,2.0675257648471024
0.5714285714285714,97,62.88252297913829,2.4771423433525515,1.9414650106091815
0.5714285714285714,98,47.0319050311402,1.654612378803919,2.0637257696042766
0.5714285714285714,99,68.18822048393999,2.918058890903592,1.9056298702213244
0.7142857142857142,0,51.518419375489735,1.939066137697031,1.9557761013513337
0.7142857142857142,1,45.52582678727854,1.6006799151638231,1.998110665253927
0.7142857142857142,2,71.57321952398722,3.1906460867954936,2.093445415034736
0.7142857142857142,3,101.25240506782464,4.350559056704773,1.9922440944230235
0.7142857142857142,4,52.296340995054365,2.00756710718005,2.1167684226906687
0.7142857142857142,5,55072053.76496779,2959907.759452605,1.9729714569973253
0.7142857142857142,6,35.14507992762469,0.9573945604842592,1.6645922622414984
0.7142857142857142,7,75.59345341633082,3.1481658071171883,2.1375308623234357
0.7142857142857142,8,48.927261854311716,1.6841805602649849,1.518699200421125
0.7142857142857142,9,63.49208773571817,2.377291305918293,1.6641588836227401
0.7142857142857142,10,45.240679113521445,1.4777353074348059,2.044931497239431
0.7142857142857142,11,44.329548607244924,1.468268562537502,1.924234580545435
0.7142857142857142,12,45.429949892085624,1.5911302024270761,1.6750446200493643
0.7142857142857142,13,43.36638319257259,1.348409279279228,1.8598970911484585
0.7142857142857142,14,62.83902767391023,2.5509069940113696,1.6383386564040008
0.7142857142857142,15,257.45745741401964,14.079650169675148,2.576230857569405
0.7142857142857142,16,62.81121418187929,2.5599139338452463,2.0950371858256442
0.7142857142857142,17,66.88565356804862,2.712333317481289,1.6822322183412273
0.7142857142857142,18,63.72789655206623,2.3108681952142542,1.5278538377930815
0.7142857142857142,19,46.67734445961692,1.5917025909814604,1.7845523484148444
0.7142857142857142,20,52.22242273052176,1.9602381727781724,1.6881952167013765
0.7142857142857142,21,49.821897096744024,1.749913511070013,1.8112457811891338
0.7142857142857142,22,69.57094542127417,2.7765769233193245,1.8297213420913814
0.7142857142857142,23,140.625770142955,6.643494407063212,2.1699824317040126
0.7142857142857142,24,81.61673587472895,3.5071515169958696,1.6684536387999822
0.7142857142857142,25,34.8732359369252,1.0761109811798566,1.916352118485485
0.7142857142857142,26,44.57030347104293,1.5786528660815398,2.0548660891421693
0.7142857142857142,27,61.57100883309915,2.4396617022046074,1.809314359830222
0.7142857142857142,28,171.60696968319647,8.005850230522139,1.8283569810616151
0.7142857142857142,29,46.084205347611245,1.4750798029711711,1.711546199307346
0.7142857142857142,30,187.82949579531558,9.658189151810234,2.091464312188642
0.7142857142857142,31,101.16601577390372,4.370832949169235,1.6920358173021692
0.7142857142857142,32,39.03879957014484,1.3003470888831425,2.0373637773431117
0.7142857142857142,33,43.6007971470856,1.503777753962161,1.8288983741475129
0.7142857142857142,34,43.839795212661315,1.536685825228307,1.9867276836729557
0.7142857142857142,35,49.40680084073837,1.7488480189657878,1.753605945396069
0.7142857142857142,36,47.15061834511097,1.7109377808141946,1.6049338851490529
0.7142857142857142,37,126.00191601015793,6.189322885212947,2.0633987646096497
0.7142857142857142,38,72.24071264765797,3.072485411874593,2.0992823428314265
0.7142857142857142,39,32.92202310792201,0.9444675626005601,1.8209751255533402
0.7142857142857142,40,95.69215910233186,4.168784822303394,2.0373730321778205
0.7142857142857142,41,85.37357530402406,3.8071770783052146,1.9390077983532712
0.7142857142857142,42,61.30479679209366,2.529097491226493,2.0168676604131948
0.7142857142857142,43,68.21064061328553,2.6657056152253458,1.5286670842002827
0.7142857142857142,44,64.96316457510247,2.5381618744939622,1.9586372906273755
0.7142857142857142,45,35.31409926109602,1.059936515372199,1.7679430581125364
0.7142857142857142,46,38.83988156274036,1.308914861223847,2.349242168351564
0.7142857142857142,47,87.67510670135457,3.761782158737183,2.0074567468558393
0.7142857142857142,48,38.841340622131746,1.2254456650754912,1.7284752277939672
0.7142857142857142,49,50.61011513813768,1.9019166472982203,2.459778085554119
0.7142857142857142,50,96.06452074436213,4.27034605438168,2.1249585058277565
0.7142857142857142,51,75.11693151481921,3.13275635162146,1.6542026952467088
0.7142857142857142,52,46.031035768495784,1.623366026835026,1.6693423363110242
0.7142857142857142,53,35.63766861846582,1.0647059627667952,1.74826970454456
0.7142857142857142,54,59.06069056367851,2.3295480601058127,1.8612488695027274
0.7142857142857142,55,73.3863025353714,2.9881891067680177,1.7547769712348509
0.7142857142857142,56,60.37382910053541,2.594179880577798,1.95365543974488
0.7142857142857142,57,45.26842589431701,1.5806926646632566,1.8541641271948093
0.7142857142857142,58,131.72829262391082,6.418344593651519,2.0368867752430466
0.7142857142857142,59,52.445562947205545,1.8677346499099308,1.5700182781669352
0.7142857142857142,60,297.9099573959388,15.096853973038586,1.8621922762010898
0.7142857142857142,61,47.331433683563034,1.6346147406156153,1.757941700289833
0.7142857142857142,62,42.40854274482393,1.4742119618926781,1.7318218590770682
0.7142857142857142,63,78.02174269083922,3.1771918811253763,2.0591151108934875
0.7142857142857142,64,71.85517722023368,2.8975489470582576,1.75608995328732
0.7142857142857142,65,49.23630146170616,1.8403837274872306,2.0895072298858404
0.7142857142857142,66,52.83895606650247,1.9156456397550852,1.923939699716707
0.7142857142857142,67,45.4857612538115,1.6344605873970346,1.9523476715109942
0.7142857142857142,68,52.9895387852323,1.8153933288604491,1.758611933354818
0.7142857142857142,69,54.132415871932125,2.06232269808084,2.170928688981729
0.7142857142857142,70,63.150888395814505,2.5299507455284638,1.816615921831224
0.7142857142857142,71,28.577234052073205,0.8337031229121233,2.295877336145782
0.7142857142857142,72,142.0611659444445,6.480036523734656,1.790632811121916
0.7142857142857142,73,61.133313006153614,2.618731514791952,2.1510633266270114
0.7142857142857142,74,113.64041785045504,5.191622347208089,2.163737887851901
0.7142857142857142,75,66.94128668071805,2.5094160682236493,1.8578046637697458
0.7142857142857142,76,56.791834380140635,2.139671340469466,1.8337552587848782
0.7142857142857142,77,49.58076258107417,1.6684437223524684,1.5600850917875613
0.7142857142857142,78,89.04228847725547,4.2811580167288845,2.0045687485119084
0.7142857142857142,79,44.928384731656195,1.6129965225184653,2.0895807987661543
0.7142857142857142,80,89.35540397550245,3.8474058671190345,1.989798893537578
0.7142857142857142,81,37.65664126337777,1.2215694765709786,2.0801818159988956
0.7142857142857142,82,85.50251963119385,3.6517252109616183,2.5097405807859783
0.7142857142857142,83,35.70357342551416,1.0699362070040495,2.1594652546029964
0.7142857142857142,84,43.95159552612002,1.6275593036971214,2.267866784893254
0.7142857142857142,85,62.7772632021031,2.78411544270197,2.503318152375231
0.7142857142857142,86,170.53413855719765,8.423056491383667,2.0634312932013104
0.7142857142857142,87,52.27050850712437,1.8773892153720517,1.8173010580468785
0.7142857142857142,88,36.49217316020522,1.0201434275857724,1.658256483085303
0.7142857142857142,89,44.64274638559442,1.4267045287626634,2.0447649339584393
0.7142857142857142,90,67.03622545298876,2.7196232875559154,1.897937077647117
0.7142857142857142,91,35.28357968495847,1.1070042247547285,2.1108717588290307
0.7142857142857142,92,58.8212956461828,2.1963235441199562,2.0351128719851577
0.7142857142857142,93,58.87513929105983,2.15325518129569,1.6583523677358405
0.7142857142857142,94,59.04750742180192,2.190379818031152,1.7284224157352333
0.7142857142857142,95,55.129968639234,2.1943986591957314,2.128222218885439
0.7142857142857142,96,37.52031698638535,1.106489309304251,2.0426471830133703
0.7142857142857142,97,55.2286273859452,2.029073369751551,1.7980459301811502
0.7142857142857142,98,97.01765857938352,4.115693897133229,1.8060713538847657
0.7142857142857142,99,100.72991600715034,4.813306767770574,2.3449106995152325
0.8571428571428571,0,44.79635784210619,1.5905651017258573,1.9903472017756898
0.8571428571428571,1,64.88418247377366,2.392590492863628,2.015832576893573
0.8571428571428571,2,132.57572881500207,6.14790872846008,1.7011053215046452
0.8571428571428571,3,65.68142234415856,2.3341006707453755,1.342446706685843
0.8571428571428571,4,55.159728973402494,2.097479566849081,1.9431906931592007
0.8571428571428571,5,56.12443097931122,2.249783494487708,2.081873039008325
0.8571428571428571,6,34.94984103188862,1.1067876419069778,2.1709981601370094
0.8571428571428571,7,54.10766680156141,2.0217251259246813,2.001120921063753
0.8571428571428571,8,104.75079050352888,4.716915252354946,1.9356687899505958
0.8571428571428571,9,92.47078884313883,3.792076825297203,1.7815221517678586
0.8571428571428571,10,106.25786116277489,5.129967313776545,2.5000144687410017
0.8571428571428571,11,56.60570857056738,2.44502235870831,1.9965502738067875
0.8571428571428571,12,67.60290581190026,2.685928560986795,1.62720644436064
0.8571428571428571,13,28.706363485835023,0.7105858692714174,1.7257184396636243
0.8571428571428571,14,56.586225037613545,2.170107754023705,2.0161181753277755
0.8571428571428571,15,47.80343007761979,1.971187440703506,2.2211416687606937
0.8571428571428571,16,46.07596860390668,1.412335924898735,1.5800242900986208
0.8571428571428571,17,58.17116160691702,2.2972719649649984,2.5606350526069113
0.8571428571428571,18,42.327607517343935,1.5429728864856491,2.3410185898429243
0.8571428571428571,19,179.55495048372123,8.82426569656021,2.103163589513293
0.8571428571428571,20,71.1194597093062,2.718706017976487,1.659769746510872
0.8571428571428571,21,55.00333376006998,2.055969423677528,1.873440478293612
0.8571428571428571,22,78.36298037041632,3.089854519184507,1.6671023520355412
0.8571428571428571,23,44.34418088323655,1.4804586305034868,1.7699446252345081
0.8571428571428571,24,44.61376223933735,1.5067246464347486,1.9018564491396255
0.8571428571428571,25,21.591615433772017,0.499446822189085,2.40644753055417
0.8571428571428571,26,577.7080174152754,30.79130234935112,2.089216134877508
0.8571428571428571,27,29.010166386031337,0.774820672478185,1.6126215283813767
0.8571428571428571,28,51.31115524049557,1.912849449862742,1.8298130136008695
0.8571428571428571,29,64.83323180266332,2.5786604237998283,1.9529478872265482
0.8571428571428571,30,60.43511512239138,2.3611424146081634,1.8406795454971623
0.8571428571428571,31,95.33274941393782,4.0069333900394595,1.802437908093974
0.8571428571428571,32,84.79060639067367,3.462754852662585,2.0999849189136945
0.8571428571428571,33,48.73766322526543,1.9370928386349775,2.4152950263939106
0.8571428571428571,34,30.08475529534247,0.7621391155885339,1.6059905967737955
0.8571428571428571,35,53.46459134458718,2.079579075175545,2.8305788416902393
0.8571428571428571,36,40.06944603178989,1.4250207815243012,2.3107995638191223
0.8571428571428571,37,31.15498184255253,0.9733633898259293,2.539316114470228
0.8571428571428571,38,54.51463352516573,1.984927565413668,1.5495199720662307
0.8571428571428571,39,43.391331121342915,1.320303016486965,1.2638011560329456
0.8571428571428571,40,29.568307499006465,0.7420988506218551,2.0614383570078805
0.8571428571428571,41,52.17970796278819,1.7786782639886374,2.10667169702938
0.8571428571428571,42,54.22001457582082,2.119874730099156,2.1007519168086164
0.8571428571428571,43,100.35034405745222,4.348970291419028,1.7514227018745199
0.8571428571428571,44,29.266981456148983,0.7587175250674669,1.8626897457758218
0.8571428571428571,45,140.03108452989568,6.800084215422265,2.456866233881069
0.8571428571428571,46,69.63658715811248,2.8243390906212644,1.8503310154393027
0.8571428571428571,47,67.07213242467802,2.7703462117516526,2.0638798114733583
0.8571428571428571,48,67.42346466505506,2.808037234656326,1.7328623659221938
0.8571428571428571,49,46.501845078151085,1.5835584509665144,2.1230536687532156
0.8571428571428571,50,55.61362715453736,1.9974653884274998,1.7878420041340963
0.8571428571428571,51,54.707905003426845,1.882570505431314,1.7070573596319198
0.8571428571428571,52,33.86239868344774,0.8807598731805999,1.764085775004481
0.8571428571428571,53,55.57143020232206,1.9583215387692703,1.9477573096308987
0.8571428571428571,54,40.22232863532262,1.147956498309773,1.9996759873178656
0.8571428571428571,55,65.1496585824567,2.3954674490153103,1.684898326292541
0.8571428571428571,56,47.62286324793846,1.6654963878080236,2.2504789948351194
0.8571428571428571,57,64.62101167191454,2.532874345875568,2.1450710146841967
0.8571428571428571,58,45.833155524640866,1.729003023572915,2.4371856621812715
0.8571428571428571,59,77.44189630729825,3.356902753811104,1.860126417853888
0.8571428571428571,60,154.33060195302824,7.563830241880839,1.9008731751995946
0.8571428571428571,61,105.06590406168858,4.795490276985214,1.966716790293543
0.8571428571428571,62,37.720295912514125,1.157928035208384,2.0289104197654235
0.8571428571428571,63,57.440414192293716,2.061576704732379,1.8013994281597843
0.8571428571428571,64,69.3590687485463,2.9233486704500633,1.8211608980010552
0.8571428571428571,65,38.152928824778364,1.2455790132394278,1.7227120037240293
0.8571428571428571,66,69.39498441491833,2.9723480080503446,2.0635926555595074
0.8571428571428571,67,216443986.13609335,12054678.0463358,1.9195801373068848
0.8571428571428571,68,35.36982736527616,1.100795519740429,1.9099443330033554
0.8571428571428571,69,68.97983315223857,2.763019841562448,1.6374325758052792
0.8571428571428571,70,45.55614345758881,1.3976417780299233,1.4727494610211362
0.8571428571428571,71,44.05947879164944,1.4015206637865425,1.6983037721798284
0.8571428571428571,72,61.25134214849922,2.4705568844419137,2.1464572951980845
0.8571428571428571,73,84.9161213254759,3.5745056474111614,1.9569702931846613
0.8571428571428571,74,38.21189450406361,1.2570020241962467,1.8226344327071495
0.8571428571428571,75,44.499355708796074,1.5303368912569002,1.5996627024213665
0.8571428571428571,76,76.20519197341893,3.206486556340961,1.8192916532217782
0.8571428571428571,77,75.41959954636188,2.9859579329668744,1.6855571129467788
0.8571428571428571,78,56.1889634112217,1.9895167459300989,1.8987387898861028
0.8571428571428571,79,39.332818642392134,1.2962960554862328,1.8339074615580007
0.8571428571428571,80,39.748139114570655,1.1741985848656562,1.72606542597667
0.8571428571428571,81,76.55639380128159,3.1868183118505886,1.5373528205423515
0.8571428571428571,82,44.1092238139963,1.3103027980341222,1.6312215827307344
0.8571428571428571,83,244.74047449205767,12.445923476757816,2.2550353415489153
0.8571428571428571,84,58.08228917776441,2.428102069666883,2.4175506604240944
0.8571428571428571,85,32.23883677643367,0.9749801723466406,2.272431228186925
0.8571428571428571,86,37.56844364005451,1.195270391554539,1.4848734621715645
0.8571428571428571,87,47.57137598292157,1.7475471667386515,2.4291868249638964
0.8571428571428571,88,68.5812575553808,2.900293827990545,2.477268208064142
0.8571428571428571,89,79.6280643543633,3.4115828320685075,1.9788204463508139
0.8571428571428571,90,55.024547706253934,1.9311056207437953,1.781040022592734
0.8571428571428571,91,44.15573892278789,1.470948008616578,2.0306813803018127
0.8571428571428571,92,73.79387536157299,3.0611757798683175,2.0947651128513747
0.8571428571428571,93,50.47552505780048,2.0000999899224805,2.6470011997121357
0.8571428571428571,94,151.02448115871508,6.807097266881212,1.7711624746111096
0.8571428571428571,95,77.53985121961146,3.366743327050192,1.7292532533949698
0.8571428571428571,96,109.09101356648624,4.998468596156003,1.8429655070505397
0.8571428571428571,97,41.98501736597398,1.3708120414223899,2.6357882520029428
0.8571428571428571,98,60.764799556042334,2.4147510599752993,1.755602098302574
0.8571428571428571,99,43.51833148835951,1.5177371528443653,1.6790234075289407
1.0,0,90.44569081162199,3.9989244804398014,2.577742937732927
1.0,1,72.21163180384241,2.7586379190021972,1.889598096486907
1.0,2,32.23092059607596,0.9635698964797844,2.406850765307832
1.0,3,48.556325798786034,1.6384460960362712,1.3742324047480419
1.0,4,117.31602087007056,5.264418172345668,1.4903453063886447
1.0,5,35.224924778550694,1.027711121319988,2.070161239150255
1.0,6,31.809573606156803,0.8157098783047115,1.9873470140765157
1.0,7,47.3326862390037,1.7964270327179184,2.537025830131102
1.0,8,70.63911373732094,3.0113275067197223,1.9158701980812975
1.0,9,44.512575367549275,1.563423890385838,2.455149305319304
1.0,10,58.97170406461576,2.3143078090788847,1.8130613742822947
1.0,11,38.389497687760866,1.2236556407859764,1.7387854093629422
1.0,12,197298046.6144677,10109088.836915005,1.7021081695735587
1.0,13,34.06902639644248,0.9333862631734235,1.7091331732675044
1.0,14,99.64396247719915,4.341750473130754,1.9585354044497747
1.0,15,40.76731711246239,1.1894464782841874,1.9658530495463469
1.0,16,58.221551701517136,1.9441581931670922,1.6515284554332774
1.0,17,37.25022104041185,1.214692087620791,2.4749555271784174
1.0,18,39.76904986540738,1.2520270279998957,2.3058239490648553
1.0,19,70.73008653188054,3.0555603372872024,1.8114164492273763
1.0,20,41.40921480108085,1.4238356933552339,1.9256160471394035
1.0,21,63.20775831956302,2.516048308345128,2.0081647718165323
1.0,22,32.648398438369696,0.7292783015782303,1.8480017728039897
1.0,23,151.05917861070975,7.129341266178553,1.498527320700025
1.0,24,66.6505513650995,2.716559774572992,2.311232066447287
1.0,25,50.67457836266266,1.7818598996865556,1.939592873583848
1.0,26,48.711182151446664,1.8200599402897866,2.105124965938274
1.0,27,32.98472637454467,0.9403599996186831,1.5382575063154442
1.0,28,47.21590412621205,1.7419983793717715,2.0471432789246062
1.0,29,54.47020258830955,2.057376364861616,1.911230234687821
1.0,30,79.21070352097692,3.0172683342587203,1.2488403251834583
1.0,31,62.08202820018267,2.674912822099846,2.435499713604506
1.0,32,60.67043139373121,2.302889685927097,1.9868379180624565
1.0,33,87.6382410033955,3.6671507296808468,1.7163112379313747
1.0,34,179.82512089877895,8.712419161863096,1.7938771983909017
1.0,35,44.9731164916015,1.5556570339368447,2.0710668652728956
1.0,36,74.79546704206382,3.085615216549605,1.6268588055270383
1.0,37,59.10221606965347,2.325886193080639,2.1235386418854088
1.0,38,331.28685716888367,17.8221186766045,2.0753319198731344
1.0,39,34.76262697242607,1.12948486111203,2.090276114429086
1.0,40,24.160179757859098,0.5094984249614417,1.9596737303188223
1.0,41,988.8385731314511,51.1020005556785,1.8857444539112984
1.0,42,67.75666866526758,2.5452844102119925,1.4653120772809916
1.0,43,54.70102119566587,1.7960733613111746,1.2954641770392719
1.0,44,62.72328987892594,2.545166491985214,2.177226568102039
1.0,45,45.21147114551955,1.5866845235103257,2.1902052249583464
1.0,46,84.53128835389889,3.9143165666729303,2.0421207987632957
1.0,47,44.744100442419885,1.73102566203849,2.7806287013599222
1.0,48,81.03575707942446,3.426091294172232,1.8552021431463752
1.0,49,58.37979587548035,2.113698276155464,1.669631155351542
1.0,50,63.41391352690207,2.6401141259491783,2.3794022834073894
1.0,51,30.436312447108943,0.7691978564115926,2.1092956004683354
1.0,52,44.38813845336493,1.5236965515935765,1.8894406601637084
1.0,53,79.29841793312868,3.2358630987148573,1.4860777408337278
1.0,54,58.231853857467414,2.5214228883897922,2.277335475622953
1.0,55,42.27621392239516,1.3729277101207709,1.995899450140627
1.0,56,66.42971599007507,2.56103171281357,1.7287121651484685
1.0,57,65.4957372462879,2.6161796936587014,1.709300856817443
1.0,58,33.787690825944765,0.8898624626785623,1.1765751570647933
1.0,59,34.62769688115312,1.0469270754998379,2.220216464094214
1.0,60,85.08702421863167,3.5267180321859004,1.2649373103010908
1.0,61,78.16378749291287,2.925828081433196,1.5307921724757645
1.0,62,34.51284557341655,0.9491317771809367,1.853243792210353
1.0,63,137.27952720722402,6.368698986820713,1.9231729180740254
1.0,64,113.26711140770497,5.307880591171034,1.7601736510818122
1.0,65,44.502206062704346,1.6351002518573612,2.0695635922052307
1.0,66,70.0266493158887,2.9774201704906518,1.674580308274022
1.0,67,59.99906878525509,2.3062356123086247,1.8661784621153268
1.0,68,36.18049811464937,1.1097349768080877,1.9366944905504997
1.0,69,147.11179088566936,6.8137722237951746,1.5147311642542083
1.0,70,48.78409189501102,1.6998272000396077,1.7968838175595232
1.0,71,34.419116785931905,1.2141560589631817,3.3653356331952873
1.0,72,43.34601769106895,1.2543980597409123,1.680392638964228
1.0,73,44.17596990466059,1.5656868540773854,2.381983470177281
1.0,74,432.76974142270643,20.578291988179412,2.003560218429477
1.0,75,110.12017266069385,4.822745356707571,1.675187079795774
1.0,76,41.87907275749723,1.4958658286968982,1.8719382674917124
1.0,77,81.31377730206883,3.2244574845671767,1.3952902251083146
1.0,78,51.33352525175044,2.00982001142569,1.4983951146582175
1.0,79,106.7829835257821,4.960151627360112,2.1431558510619144
1.0,80,37.628010666610145,1.1352245582733986,2.1095525641778803
1.0,81,76.85051154962636,2.99092223940303,1.4884592379672774
1.0,82,578.2654076483338,30.58669049255696,2.280519278418178
1.0,83,34.653843345868985,0.9101440958138325,1.7925112148346822
1.0,84,49.44227202623121,1.6528374094463705,1.9236022223040916
1.0,85,30.417404844812733,0.8802663977177172,2.2681953006957345
1.0,86,129.52185327838467,6.2306644881759095,2.1013908545998907
1.0,87,49.69328827972166,1.718899863365412,1.5153547615200151
1.0,88,73.29674757504043,3.071138689659436,2.097207263239061
1.0,89,76.51080440194985,3.048583686298732,1.9195384667168702
1.0,90,97.50318526275869,4.031576537829709,1.4251774991267945
1.0,91,63.59583254221,2.4822088411711944,1.6875345762773852
1.0,92,47.38772662962206,1.7345212576902826,2.069909723300041
1.0,93,36.3920762601948,0.9380910315262666,1.4497449811965935
1.0,94,53.00197798917265,1.8301667491272737,2.084706886318429
1.0,95,62.24628182777631,2.414633773548943,1.7502901060237492
1.0,96,84.3170772982377,3.4244175251266866,1.78914787952047
1.0,97,60.24288110973291,2.09304021665769,1.6804838175486512
1.0,98,74.765573235761,3.063761500050141,1.7495142944345112
1.0,99,44.17741328845549,1.5555344735356038,2.0589717957428095
1.1428571428571428,0,36.709507408273,1.0350314829273466,1.5711373280079926
1.1428571428571428,1,57.079727789418705,2.3796383269304533,1.6866017681957215
1.1428571428571428,2,71.30116791418313,2.900601298901284,1.6575079640458603
1.1428571428571428,3,65.8065546196612,2.6169033932670773,2.0284708649414416
1.1428571428571428,4,57.44794239305895,1.9279644382105463,1.215386118132606
1.1428571428571428,5,111.73128857101533,5.191967532694468,1.6494120555713936
1.1428571428571428,6,58.69449259590299,2.1067013938133945,1.9587304692623104
1.1428571428571428,7,64.06097498350042,2.431294238218337,2.349712313363807
1.1428571428571428,8,35.2780644385583,1.1094579626217953,2.2206527793935615
1.1428571428571428,9,48.003798157281174,1.6425058712632377,1.9156289095931807
1.1428571428571428,10,61.47652196897601,2.49337592269182,1.9536800055663481
1.1428571428571428,11,42.51633621284936,1.4577767951061804,1.6552443601953324
1.1428571428571428,12,43.173313513926104,1.556727517663632,1.9355823259196665
1.1428571428571428,13,319.43554292190595,17.04838531164263,2.942542335770411
1.1428571428571428,14,40.28305799617502,1.3881219638712208,3.033110094109217
1.1428571428571428,15,29.295916862280613,0.7251288130139206,1.573626867774421
1.1428571428571428,16,119.60583267664697,5.353733460123693,1.5951704233778705
1.1428571428571428,17,36.29586201794966,1.1853912935272195,1.7294559264025748
1.1428571428571428,18,44.08804164814881,1.4494273103557613,2.100558655369881
1.1428571428571428,19,114.54932190324121,5.7553428252568235,1.7380592665660897
1.1428571428571428,20,47.477468409034856,1.7108719459231596,1.8215384979939298
1.1428571428571428,21,63.66642096581066,2.725309009533385,2.225653695362231
1.1428571428571428,22,45.140303924154,1.5537126592211634,1.4077527573327024
1.1428571428571428,23,136046552.2984874,7713828.327217749,1.5868307915102329
1.1428571428571428,24,67.85598380835808,2.903654828837375,2.1503247658940174
1.1428571428571428,25,37.47118323921276,1.2016622275028963,2.468030164268743
1.1428571428571428,26,417310515.0330415,22443809.83668785,2.118381450879602
1.1428571428571428,27,129.87936454380693,5.684975540103265,1.578800232304493
1.1428571428571428,28,48.404899362774124,1.8663478569212812,2.304375226305756
1.1428571428571428,29,34.89297918908415,1.0456033475430935,2.176176089921659
1.1428571428571428,30,37.8597392801037,1.1772451925620315,1.7071512951810475
1.1428571428571428,31,79.3014495098952,3.3779607296062277,1.7943233980516147
1.1428571428571428,32,38.69807216479073,1.4034131265505074,1.9261956288867208
1.1428571428571428,33,43.15403565232681,1.7064789516730934,1.9532048159690731
1.1428571428571428,34,60.0700659263518,2.6142519560192743,2.4638305881462528
1.1428571428571428,35,38.92192057338316,1.2436851623510168,1.5100454553197105
1.1428571428571428,36,42.116407508956975,1.3216312914161932,1.7686557078352074
1.1428571428571428,37,29.020562240160118,0.6576929693272571,1.5091662429663009
1.1428571428571428,38,33.91602788280371,1.1314538779499224,2.6427656946970033
1.1428571428571428,39,46.297414556684,1.533720277968018,1.8187977472569257
1.1428571428571428,40,52.73468285109585,2.163876666265022,2.222690341381715
1.1428571428571428,41,751.8226802015703,40.62131952424853,2.0505283587568175
1.1428571428571428,42,38.224691828039106,1.1041973360046375,1.638421878999937
1.1428571428571428,43,243.19743504450477,11.338682161775571,1.5306969281271428
1.1428571428571428,44,40.756763541704956,1.447679765552961,1.8699136826849572
1.1428571428571428,45,29.11768098071019,0.8043235075332605,2.2686294915294978
1.1428571428571428,46,395.2035637046134,19.3694964889718,1.894661415000528
1.1428571428571428,47,66.11222130847808,2.7425534365965154,1.5823489724921216
1.1428571428571428,48,63.09167414873724,2.3823084062835345,1.9811067183246736
1.1428571428571428,49,26.706892302665466,0.7062225071799365,1.7095815341552099
1.1428571428571428,50,574.5511328996646,31.643116152047618,2.0523526832857706
1.1428571428571428,51,104.78969536778942,4.625341750392009,1.5457544450472642
1.1428571428571428,52,30.83409251894132,0.691097696164753,1.493962791724507
1.1428571428571428,53,59.20174355263234,2.4295726434585005,1.6993691487165474
1.1428571428571428,54,51.9196277428109,1.8652874657212568,1.9670488032968216
1.1428571428571428,55,112.42287363357096,4.860380461692162,1.4366347471202634
1.1428571428571428,56,148.59059696150052,6.664302206108539,1.813431160403281
1.1428571428571428,57,53.649805667608334,2.2120135700605834,2.22759186618947
1.1428571428571428,58,195.31635808216024,10.116381328396123,2.285389980831945
1.1428571428571428,59,87.62723327815871,4.1518529034896305,2.5768951125836717
1.1428571428571428,60,35.916659147315116,1.2502812769601626,1.85344514506816
1.1428571428571428,61,151.76131681531288,7.389384815175621,2.1060869755498066
1.1428571428571428,62,19965243.703495353,1122565.2105345004,2.327756918620563
1.1428571428571428,63,50.924248104724796,1.873238269135257,1.6850393450015886
1.1428571428571428,64,37.867904525003105,1.197123987169522,1.73270976454532
1.1428571428571428,65,53.55235127048276,1.9089001756784467,1.5498697841490654
1.1428571428571428,66,34.52436226220321,1.1074331862641114,2.324415359178633
1.1428571428571428,67,190.2916556307157,9.286161775810598,1.802970504088489
1.1428571428571428,68,42.162143244336406,1.4610623390285007,2.045252451982413
1.1428571428571428,69,67.24687610945858,2.4529760464120023,1.7013888882709614
1.1428571428571428,70,27.74691910817567,0.5434141150593106,1.6670120030135829
1.1428571428571428,71,38.39271343080934,1.4478688019832189,2.9918011621295943
1.1428571428571428,72,42.87852526743352,1.3656862361047144,1.6909263124946696
1.1428571428571428,73,188.84876284264857,8.874508517764232,1.390888816818719
1.1428571428571428,74,79.83304843648384,3.30909067564196,1.8234367805970682
1.1428571428571428,75,56.67407375624393,2.1482500712056214,2.1944118190855435
1.1428571428571428,76,175131610.64688292,10086124.91275944,2.059690992024256
1.1428571428571428,77,37.336063701641415,1.1383025808788798,2.069562987360074
1.1428571428571428,78,48.51328527007252,1.845921926825114,1.7233511027188464
1.1428571428571428,79,51.6134696105713,2.224853529559066,3.2107642358095587
1.1428571428571428,80,36.83499322984759,1.1350912906259776,1.2678201632535602
1.1428571428571428,81,45.372790701546066,1.751341296649574,2.441996963115918
1.1428571428571428,82,44.81049795391385,1.4801279578303312,1.8643534209505623
1.1428571428571428,83,65.20283341773943,2.4320105806225056,1.5170307357611335
1.1428571428571428,84,105.04758726103155,4.6315532014071135,1.5549652328011878
1.1428571428571428,85,67.88771060875686,2.691950112558488,2.0927544895773775
1.1428571428571428,86,70.30616723709211,2.586791228419896,1.6959100584939257
1.1428571428571428,87,57.53377463606448,2.1761333491503874,1.7279876045245002
1.1428571428571428,88,28.064484485557518,0.7463850041499857,2.2986193363220804
1.1428571428571428,89,38.476634703878446,1.1590157065045743,1.3733606008646402
1.1428571428571428,90,602.4496974170914,32.79817213959577,2.9185821740697775
1.1428571428571428,91,30.832655337748072,0.8839453997477514,2.293000384940542
1.1428571428571428,92,60.37060737841173,2.2545752781919335,1.6918401032130634
1.1428571428571428,93,322.406316504833,15.108883274145324,1.692809294082116
1.1428571428571428,94,234.75129558904473,11.45759616887025,2.031844931373505
1.1428571428571428,95,49.86066109045752,1.71156684305336,2.091815646777968
1.1428571428571428,96,56.294916308391784,2.099089371371106,1.9756667635476217
1.1428571428571428,97,27.99970372165946,0.6173063735921037,1.8306656338694705
1.1428571428571428,98,60.604251590968026,2.476608644331186,2.589852502298473
1.1428571428571428,99,37.79984791959529,1.0945421257276253,1.8936056344788599
1.2857142857142856,0,20.694819585553805,0.3699491001673819,1.622217354539527
1.2857142857142856,1,125.70151380922808,5.625812703340618,1.6384399182361085
1.2857142857142856,2,69.84358183505235,2.804625954421815,1.7653108602157446
1.2857142857142856,3,33.317722500111074,0.9563909171130914,1.8386756855393747
1.2857142857142856,4,41.86218423753264,1.2860768072703903,1.8980492712124568
1.2857142857142856,5,60.52446139806058,2.4121530118440555,2.3173143128643665
1.2857142857142856,6,57.27863810910802,2.3242159978196524,1.9429445162860837
1.2857142857142856,7,40.68502942396736,1.085452318065536,1.0703918642637607
1.2857142857142856,8,70.47062260681471,2.8723778537241245,2.0192230915757436
1.2857142857142856,9,273.69115456613076,13.283359807821041,2.070261140150446
1.2857142857142856,10,36.4717074312533,0.9409303849954397,1.3111485572906272
1.2857142857142856,11,53.46415299973535,2.1940403514965237,2.282780804655207
1.2857142857142856,12,39.91813334843538,1.2169991426795084,1.492287659101871
1.2857142857142856,13,51.51949526107421,1.8046148984560184,1.5905102005744138
1.2857142857142856,14,49.70039224713986,1.993440477104726,2.305159138528464
1.2857142857142856,15,64.29792619023412,2.6392001017878206,2.1782597287901155
1.2857142857142856,16,59.85254784091936,2.309844542520964,1.8776249876975786
1.2857142857142856,17,72.03637552564444,2.9378346370658837,1.7089652923026803
1.2857142857142856,18,36.77617280356821,1.1237322929524471,2.063118102752861
1.2857142857142856,19,31.91774644565234,0.6983629393624206,1.4755611633368697
1.2857142857142856,20,45.43150651746603,1.6029588682431701,2.154883094941744
1.2857142857142856,21,117.05947177979856,4.904592427210173,1.6265933578068799
1.2857142857142856,22,94.39150474950796,3.9371839639940207,1.5746989812172167
1.2857142857142856,23,126.91603029160424,5.951398126544782,2.1179758774962107
1.2857142857142856,24,23902876.463222265,1224387.5937110623,1.6787267391358407
1.2857142857142856,25,32.11173198577573,0.9153577899573161,2.9103158547505035
1.2857142857142856,26,102.80824741188422,4.2488722828884855,1.5429222247000869
1.2857142857142856,27,30381084.48659954,1639545.4060078394,1.6826147436160344
1.2857142857142856,28,11681370.457831724,669132.4035500707,2.184568132265165
1.2857142857142856,29,36.68557220327437,1.1154583354848966,1.648704906203952
1.2857142857142856,30,86.69830213309923,3.7463098557481906,1.9877053950036754
1.2857142857142856,31,86.55236867773792,4.074711779218249,2.6879389506926272
1.2857142857142856,32,34.13106087795472,0.9400479926619708,1.433369694471175
1.2857142857142856,33,67.24542564800791,2.7121193729587754,2.1553126586932474
1.2857142857142856,34,43481720.99367124,2296782.562745453,2.0837802479800644
1.2857142857142856,35,42.72139781058661,1.3973081580749538,2.2956373776922767
1.2857142857142856,36,39.93707676051793,1.212451367701236,2.0769294927010966
1.2857142857142856,37,258.31719925975153,12.30085080285179,1.9607122938429018
1.2857142857142856,38,37.692484794485914,1.065955942150819,2.532237696440228
1.2857142857142856,39,1470.7531035723505,77.7830015438963,2.0191934877362976
1.2857142857142856,40,51.98728247529255,2.082257297641313,2.218847756910289
1.2857142857142856,41,42.807049207301134,1.461190929638589,2.8075153643496513
1.2857142857142856,42,56.83840828291871,2.2193662179602858,2.438914514095943
1.2857142857142856,43,31.67472757498993,1.0294124741246813,2.854471025321761
1.2857142857142856,44,43.7384444026682,1.1759851946161752,1.1885333778257856
1.2857142857142856,45,37.2311986521311,1.3284679584125676,1.845079045929179
1.2857142857142856,46,68.49720054766256,3.4003585968518286,2.7503351072509785
1.2857142857142856,47,30.998786866601385,0.7719505573340034,2.35045579043698
1.2857142857142856,48,64.32777084305904,2.500483155915776,2.5885705925683116
1.2857142857142856,49,87.2284488017308,3.7141528776814026,2.190817556512271
1.2857142857142856,50,30.222219226413085,0.7957959967081645,2.065247039941075
1.2857142857142856,51,55.73380072078705,1.9050153697897048,1.4384576099524906
1.2857142857142856,52,78.40626795892224,3.717010863406981,1.502242964839228
1.2857142857142856,53,66.97967335075123,2.3174538062409074,1.4633530300514883
1.2857142857142856,54,164.80917858488306,7.833906826732917,1.5361671844697824
1.2857142857142856,55,76.42390212767836,3.1006801801615618,1.7793110895981152
1.2857142857142856,56,152.99801924489856,6.805865057067766,1.3657188087837253
1.2857142857142856,57,331.36877632898444,17.647121390062697,2.1972245633399816
1.2857142857142856,58,30.029244899397735,0.8451686745641702,2.101762928012997
1.2857142857142856,59,62.341127765113285,2.3261877240179762,1.682027392743265
1.2857142857142856,60,32.67218113512338,0.8527485411409957,1.6928557732433667
1.2857142857142856,61,146.353299965054,6.428935098551214,1.0774393660703558
1.2857142857142856,62,49.13089133057763,1.7202906864591243,1.6410833621210763
1.2857142857142856,63,56.31566963523306,2.1331805386177134,2.2056902251078325
1.2857142857142856,64,94.68472383349346,4.789306748914291,4.096811537388437
1.2857142857142856,65,53.31555283768414,2.194979674699664,1.9669850912028226
1.2857142857142856,66,49.82278264268973,1.59808766598642,1.356865182523003
1.2857142857142856,67,46.82712888018353,1.7184245212450062,1.703304228627176
1.2857142857142856,68,31.478422839877048,0.8634320584822731,1.9458690481568264
1.2857142857142856,69,29.3574770831352,0.6881689440206661,1.8983321856024002
1.2857142857142856,70,37.046616854182176,1.1173657272247275,1.790763338878627
1.2857142857142856,71,62.2458511766886,2.4564499991944735,1.754331119505305
1.2857142857142856,72,35.1232522255093,1.3631508681396183,3.099693458039962
1.2857142857142856,73,35.53848079942987,1.115363226053688,2.706482344873375
1.2857142857142856,74,57.50844642490407,2.224667218959714,1.5636408692603743
1.2857142857142856,75,35.99289800218925,1.160759026364997,1.6097676006461048
1.2857142857142856,76,87.94154205134159,3.4812383960412197,1.7475957846256651
1.2857142857142856,77,51.01582976570057,1.6712823737946385,2.085084535420619
1.2857142857142856,78,70.15308416387839,2.7253840143337285,1.6141012400562862
1.2857142857142856,79,34.84006327843573,0.9142572931851279,1.3854754159756055
1.2857142857142856,80,29.160243300066572,0.7175491814082327,1.5518968015824854
1.2857142857142856,81,61.37569232800381,2.5944598421582303,1.92743370381073
1.2857142857142856,82,40.093009967154984,1.5175745423586602,2.820017278390028
1.2857142857142856,83,55.35452253623474,1.9156541784354184,1.487297917978026
1.2857142857142856,84,65.56961464786282,2.644027158565801,2.5457358877125986
1.2857142857142856,85,89.06852575880335,3.4846299754696206,1.6787530076491994
1.2857142857142856,86,129.3877732469288,6.179883467740299,1.5359753681332158
1.2857142857142856,87,121.15359141968244,4.902196949256686,1.791330781968033
1.2857142857142856,88,86.68807336989191,3.5572582676379825,2.5082283507688885
1.2857142857142856,89,1034.161543294831,54.52980649536985,1.6649831493671257
1.2857142857142856,90,31.83903136809088,1.052184431114612,2.780878375441682
1.2857142857142856,91,45.347807087967915,1.484799332757623,1.55788620072795
1.2857142857142856,92,93.8253591342343,4.038648372020732,1.4785455390184123
1.2857142857142856,93,44.87646255457094,1.5689303079583654,2.507838930349962
1.2857142857142856,94,62.45200814502915,2.600748185928248,2.8324495039790367
1.2857142857142856,95,262853413.46997863,14211888.865447067,1.4711623819932038
1.2857142857142856,96,29.7570654122397,0.7099766717897327,1.47028076450296
1.2857142857142856,97,183.8574867756637,8.620852882481632,1.4937338271316698
1.2857142857142856,98,97.72432089379534,4.363664819585894,1.4682464747743031
1.2857142857142856,99,102.43150165555849,4.428597201269479,1.695965899790783
1.4285714285714284,0,112.25091100483989,5.07283311979412,1.89089410113852
1.4285714285714284,1,47.793980449244955,1.7044747617160472,2.298102293710292
1.4285714285714284,2,60.83480582509799,2.3485594552301223,2.264216430398534
1.4285714285714284,3,47.58056605076885,1.5559406763134862,3.1436555480828465
1.4285714285714284,4,53.25507812694561,2.0073231597772923,2.1942785014459734
1.4285714285714284,5,275.2817294801324,11.189752267869736,1.034836421387852
1.4285714285714284,6,128.0479917575569,5.36097761230126,1.8790171252755417
1.4285714285714284,7,31.860411211004333,0.8027858483612864,1.3014891921756355
1.4285714285714284,8,40.35265279049049,1.289997215949494,1.400595180393716
1.4285714285714284,9,258.2750370072059,11.621781110382926,1.1004203794909806
1.4285714285714284,10,96.49779627150691,4.051242677242414,1.3935535305276603
1.4285714285714284,11,36.68917786629685,0.9812930811995032,1.335314250354663
1.4285714285714284,12,45.68732128229767,1.503973944093375,1.4701537082187888
1.4285714285714284,13,29568297.550997127,1727574.516893561,1.8891439272941595
1.4285714285714284,14,48.79938092199015,1.6835822671856613,1.5465315347010844
1.4285714285714284,15,187161548.20231012,10254829.694409927,1.773906696387499
1.4285714285714284,16,36.722070808754296,1.0904428593797644,1.635037852849663
1.4285714285714284,17,35.56676267297736,1.0050052610837892,2.0943424454321207
1.4285714285714284,18,57.612229241319156,1.9628609070932108,1.3831083031962077
1.4285714285714284,19,32.97691880988434,0.9670779435902171,2.453939772307666
1.4285714285714284,20,214.22751749088457,10.237182278613197,1.4526672476615745
1.4285714285714284,21,43.15341521253824,1.833004427432438,2.4566609087831144
1.4285714285714284,22,126.79127128980129,5.822485808018363,1.904909539877843
1.4285714285714284,23,207885019.8500237,12683252.003183141,3.7263507565605365
1.4285714285714284,24,65.36105428836616,2.4899895646248362,1.5349316829473112
1.4285714285714284,25,55.10237290449538,2.3598935714824107,2.071455859774102
1.4285714285714284,26,49.76497713984724,1.6586861823292098,1.4334723096480786
1.4285714285714284,27,30.361078060690886,0.8168769864245856,2.5416623224617885
1.4285714285714284,28,60.06793414864978,2.414211171011603,2.134049358790552
1.4285714285714284,29,24.935105614847572,0.5589012056298294,1.37981423270738
1.4285714285714284,30,55.89595510515651,2.239281816352228,1.7507904104439695
1.4285714285714284,31,231.20845052587887,12.990155782835227,2.315328091376244
1.4285714285714284,32,42.742239663720994,1.5454954693347143,1.5686985108700917
1.4285714285714284,33,332.03005763915246,16.698105454487873,1.76031117532012
1.4285714285714284,34,70.49105565852801,3.056409648338693,2.006249488227306
1.4285714285714284,35,83034691.14609747,4661194.84235365,1.6795283054970902
1.4285714285714284,36,41.900901801701835,1.159616523389065,1.2842945734469273
1.4285714285714284,37,36.43427195592045,1.2787777206902444,1.9797030979153307
1.4285714285714284,38,293.2983230244245,15.871951509721173,2.5549631831937436
1.4285714285714284,39,76.71079551579598,3.248552827515636,1.6780150379748011
1.4285714285714284,40,89276887.51632895,4180009.3528510486,1.038949553569788
1.4285714285714284,41,39.67402184545147,1.1992761612208012,1.8321710855773778
1.4285714285714284,42,33.9873723458399,0.8577188951617891,1.8860088066521816
1.4285714285714284,43,33.57489244313778,0.9466194377184792,1.872896118167842
1.4285714285714284,44,37.87097984118086,1.2666389210571636,1.9453983534509158
1.4285714285714284,45,46.342554414863415,1.9330165650949809,1.6010464874374282
1.4285714285714284,46,48.86026187093214,1.8040561047378814,2.059825192058462
1.4285714285714284,47,18305334.317262433,901629.0521954003,1.1423015542577355
1.4285714285714284,48,316.2871813731293,16.056047152985332,1.7239366756987133
1.4285714285714284,49,51.12919407407186,2.2284967258879895,2.0127348671482417
1.4285714285714284,50,64.48268630321908,2.2095303490589884,1.7400519396604865
1.4285714285714284,51,23.82074437617985,0.40849675368236094,1.5119651783299741
1.4285714285714284,52,122135675.68212347,6549869.799439854,1.7860573151389953
1.4285714285714284,53,46.677914922908684,1.3639194349208434,1.4419248960300783
1.4285714285714284,54,137.13626007630478,6.499978190977138,1.5766927168872473
1.4285714285714284,55,296.15071938430424,13.714780994429287,1.3494674467808982
1.4285714285714284,56,68.8208249516225,2.756300164222553,2.3835326680521844
1.4285714285714284,57,30.91023453031329,1.1312918029334116,2.790207908636358
1.4285714285714284,58,39.75851219272192,1.2472916974824733,1.649091032846112
1.4285714285714284,59,27.826328141423257,0.9414741927294995,5.315962487263062
1.4285714285714284,60,3847.0381715848243,207.89098100482167,1.7279912911350226
1.4285714285714284,61,52.46829862818016,1.736698486085876,1.474154361257825
1.4285714285714284,62,384.332318702154,20.99009913822934,1.7289578453980368
1.4285714285714284,63,69.63955482604204,2.928035402366414,2.0133362052250168
1.4285714285714284,64,31.565143357790074,0.79540058914843,1.437476584330452
1.4285714285714284,65,36.052308599494566,1.0240761696322862,1.7493441758730433
1.4285714285714284,66,101.44509386902779,4.204871324744714,1.498295494106651
1.4285714285714284,67,59.941115401902486,2.075373169006871,1.965038331200264
1.4285714285714284,68,36.855652362438434,0.8872797402351598,1.4851448146598407
1.4285714285714284,69,34.97255978770358,1.0334609571997875,2.1518842201343165
1.4285714285714284,70,34.54935750138387,0.863914244757946,1.391140104648125
1.4285714285714284,71,86.41323556913385,3.7961267232951634,2.22064733197615
1.4285714285714284,72,96.16503443052605,3.7418281991713065,1.467750768841199
1.4285714285714284,73,95.00954234381044,3.8990732615798094,1.5970281994835702
1.4285714285714284,74,38.1322270762405,1.1400700618798398,2.0828189092655616
1.4285714285714284,75,64.60168825435233,2.4348087513201686,2.081981646371136
1.4285714285714284,76,124375643.45952184,6931865.466640277,2.76125399964216
1.4285714285714284,77,39.41318974310024,1.222290632418162,2.296773637818829
1.4285714285714284,78,47.86008718611079,1.5978457631043956,1.3954901985728347
1.4285714285714284,79,33.74624980047118,1.073246310844249,2.04000105662606
1.4285714285714284,80,19.813373870212445,0.42115886245482304,2.0755948150865264
1.4285714285714284,81,37.14141419834362,1.1651724223771829,2.1943163365788454
1.4285714285714284,82,80.29659140414503,2.9113858169041036,1.2073345731480496
1.4285714285714284,83,95.3488116104066,4.104548471719212,2.472356906652235
1.4285714285714284,84,40.49030883952225,1.042060798552317,1.3107287972335238
1.4285714285714284,85,87.5846883204029,4.721835892555958,3.3540779586831553
1.4285714285714284,86,39.589700078600536,1.4364483670473305,1.6736947544036394
1.4285714285714284,87,42.624936196420954,1.2790196488629153,2.1088254730287765
1.4285714285714284,88,73782790.27648626,4223693.766104777,2.126786910739634
1.4285714285714284,89,34.82520583279296,1.229715389980414,1.7850886870169744
1.4285714285714284,90,49.743083753963035,2.2275962104809572,3.0320375305724436
1.4285714285714284,91,51.34533715870325,2.173411894089501,2.236670191635496
1.4285714285714284,92,126.23512955518983,6.1414376895489715,1.6541877724051746
1.4285714285714284,93,67.63568012496782,2.686540974342696,1.54532201390157
1.4285714285714284,94,32.30253427535399,0.9878073480919733,2.424185848878843
1.4285714285714284,95,143114329.0407107,7881958.695386878,2.179737414232373
1.4285714285714284,96,24.262165695287226,0.6243881704497627,2.5766185122175775
1.4285714285714284,97,30.708543607628837,0.9939003742651293,2.477219624946125
1.4285714285714284,98,153296231.6143549,8013068.462322917,1.8935789296735577
1.4285714285714284,99,31.856578881605756,0.8827321683538348,2.405663788895578
1.5714285714285714,0,55.32426189426351,1.933957815672835,1.3177419355665183
1.5714285714285714,1,95.92259978677819,4.521740914662803,2.10775129278928
1.5714285714285714,2,49.68841898017198,1.3953962849624355,1.4161542219850312
1.5714285714285714,3,42.183240413147594,1.3671345482179653,1.9226952398688655
1.5714285714285714,4,53.09331964863763,1.9373499980235098,1.5844712102573835
1.5714285714285714,5,110.0591473906119,5.774240120739147,3.358709786234462
1.5714285714285714,6,51.104930272926936,1.7054823584414194,1.395344588925147
1.5714285714285714,7,31.41844020223911,0.8887735777702161,2.670817695581054
1.5714285714285714,8,114737067.65302427,6670795.16082879,1.56379124365936
1.5714285714285714,9,43.68173999760729,1.5386474080454395,3.2985084767020316
1.5714285714285714,10,91543869.48595354,5361114.350930237,3.5601056811065637
1.5714285714285714,11,71.04967683896214,2.691068570756266,1.5909902053606089
1.5714285714285714,12,131.68609290393073,5.667890603697581,1.7403917581664168
1.5714285714285714,13,44.61832870452029,1.6469195036784983,2.261690789354371
1.5714285714285714,14,38.46425975924243,1.436039917474884,3.1672336174168922
1.5714285714285714,15,630.4758545786877,36.59405326114672,4.981656052646259
1.5714285714285714,16,434076734.5838297,22862080.232675735,1.520212973480374
1.5714285714285714,17,43.81794792960055,1.4166247136085974,1.3408609416988542
1.5714285714285714,18,37.1391101335301,1.336467726124052,2.998266084800567
1.5714285714285714,19,77.69749765807653,3.737799008590558,2.7944231198510394
1.5714285714285714,20,165.84848073244356,7.239175153016302,0.9820388596563479
1.5714285714285714,21,157.03252991821842,8.020352096365988,2.4339374540365206
1.5714285714285714,22,26.192612017178465,0.6445343508332478,1.4094103954372312
1.5714285714285714,23,318.4749853797202,15.856204994725463,1.4487805014196746
1.5714285714285714,24,175.57251152699615,7.402815090148146,1.1145459654201828
1.5714285714285714,25,54.77656421799383,1.9974778533554487,1.986499484168966
1.5714285714285714,26,42.05569073587644,1.5509965598101831,2.702882058931024
1.5714285714285714,27,37.46781288881299,1.2028824354080079,2.7924095040225425
1.5714285714285714,28,28.916071938249363,0.6303737842100976,1.8791048308357714
1.5714285714285714,29,37.334071187663554,1.4173809774882884,2.1967629559844655
1.5714285714285714,30,37.312792864117945,1.2341777037367212,1.7601463152551355
1.5714285714285714,31,44.71033167930141,1.6358913039513268,1.715520509208231
1.5714285714285714,32,42.477034626819446,1.4804082597175539,2.600292624560218
1.5714285714285714,33,38.71146449717679,1.356970612900049,2.1967634177159927
1.5714285714285714,34,37.0615053499054,1.066615411701363,1.3820927645448784
1.5714285714285714,35,54.03623664935517,2.3067346496142127,2.901293590108702
1.5714285714285714,36,118.9958084658267,5.490379711789204,1.999386090476951
1.5714285714285714,37,28.879796468454284,0.7336577144764472,2.2145054789097873
1.5714285714285714,38,141.43986993584903,6.185038735540928,1.4622991849198668
1.5714285714285714,39,33.44302581699673,0.7513938631965612,1.5316994007814004
1.5714285714285714,40,52.74023164030862,1.9459564302395473,1.7756112875304346
1.5714285714285714,41,27.03790071852232,0.6826212777981742,2.5164976374017636
1.5714285714285714,42,79.31849196231626,3.489134869612952,2.3063699597662204
1.5714285714285714,43,46.2429871148367,1.666930216809295,2.701557608548496
1.5714285714285714,44,155.65944306305374,8.093436240047817,2.4765679074331226
1.5714285714285714,45,71.69640512558468,3.153996485243168,2.450403451145365
1.5714285714285714,46,2880.1425884509226,146.56888386988064,2.056203660278029
1.5714285714285714,47,23.06275275420244,0.4508465309908412,2.1470144564396194
1.5714285714285714,48,109.82259487675641,4.806176691702464,1.7744048390260312
1.5714285714285714,49,28.31390605084061,0.754268238793232,2.130104048228259
1.5714285714285714,50,118904817.11403543,7849417.063117704,3.5724345543245084
1.5714285714285714,51,35.71457605000057,1.31454045328052,2.276445038199578
1.5714285714285714,52,42.17028083805222,1.3546144272748637,1.7111442769078014
1.5714285714285714,53,54.51083683939762,2.178849865976816,2.29419256152768
1.5714285714285714,54,63.22199332028675,2.5115742305195776,2.074492591765798
1.5714285714285714,55,42.03898493175951,1.3154988615515322,1.2390081625907443
1.5714285714285714,56,108.25792111151515,4.547943264996849,2.015318779747477
1.5714285714285714,57,21.894129708597365,0.5008957906902144,1.7728409669329628
1.5714285714285714,58,43.967628904854685,1.6431091388774426,2.820674306065134
1.5714285714285714,59,48.38734129337998,1.7458352708613367,1.3768612053457892
1.5714285714285714,60,37.66258079135008,1.2336675095705962,2.1522543829790814
1.5714285714285714,61,33.02376826958551,1.0133629171058036,2.3187233790442923
1.5714285714285714,62,30.560023405924813,0.6703745607211444,2.114655262726401
1.5714285714285714,63,50.86900932743135,1.8626850934456627,2.134875674266709
1.5714285714285714,64,37.39150455104809,1.0955482513341255,1.5984205654378458
1.5714285714285714,65,57.97818307696766,1.9675394139403177,1.4652708658991003
1.5714285714285714,66,27.39806250925623,0.6884737651551085,1.799341271950481
1.5714285714285714,67,58.22039983960519,2.0191183071087906,2.0830671171166903
1.5714285714285714,68,53.56710527028167,2.411438713603499,3.0436179206721885
1.5714285714285714,69,25.931821293166866,0.6001415261152162,1.7273602123436662
1.5714285714285714,70,8641.458445050059,414.00316126958836,1.6146690163622688
1.5714285714285714,71,37.24970001518033,1.323732687630293,2.9611066172342646
1.5714285714285714,72,906.1848457780546,53.245905935588354,3.1042178780496616
1.5714285714285714,73,36.17960001257459,1.2610072640066388,1.7526129802862196
1.5714285714285714,74,24.965024776042235,0.5082278326335715,1.5987101422811907
1.5714285714285714,75,62.726824539189465,2.267611586827567,2.094162987860194
1.5714285714285714,76,44.35204848342014,1.5791815703366465,2.393119851162577
1.5714285714285714,77,33.35580103984054,1.060567483451548,2.259715389902615
1.5714285714285714,78,46.96526808426362,1.646745087195119,2.3714476773127395
1.5714285714285714,79,34.663494383528715,1.0090377778638802,2.053365370574835
1.5714285714285714,80,564.4842751300793,27.2819783458989,1.57194206446199
1.5714285714285714,81,28.672204157417703,0.7643445060553391,3.145678207660064
1.5714285714285714,82,31.166588392598783,0.7255730358949247,1.8917156066714214
1.5714285714285714,83,42.960087627473676,1.7619134141906396,3.714939001256985
1.5714285714285714,84,33.160311667730845,0.754928699357322,1.0536054218536046
1.5714285714285714,85,44.90306909547925,1.6808812795963697,2.2189527855065085
1.5714285714285714,86,53.84700409227485,2.2346594366816817,2.982833103153269
1.5714285714285714,87,65.11708082725437,2.5522945817535456,1.4830565015659847
1.5714285714285714,88,25.49961012807597,0.4651759822922995,1.9920083991548243
1.5714285714285714,89,134.00582615380253,6.251193488088101,1.408975115480957
1.5714285714285714,90,58.22334980535423,2.097213375378179,1.6905782887938217
1.5714285714285714,91,56.99575683838452,1.9153417917771591,1.3094857518579535
1.5714285714285714,92,49090940.629212156,3098593.530361766,3.790871961966141
1.5714285714285714,93,166.41793717446592,9.346027918713506,2.730132028064579
1.5714285714285714,94,128.77760373458435,7.501055081281016,2.863699395295492
1.5714285714285714,95,69.88169320131095,2.5424485625292967,1.43932348683949
1.5714285714285714,96,46.94631522837313,1.651218757281368,2.8889405707777307
1.5714285714285714,97,101069840.57185218,5096912.713307746,1.5801865167926683
1.5714285714285714,98,235114443.56296006,12261482.852447161,2.376438072607454
1.5714285714285714,99,502.494944106258,26.49214229867256,1.910167733964285
1.7142857142857142,0,55.90019310560262,2.3268720620009034,1.499601056192499
1.7142857142857142,1,44.38331418042329,1.4742446824874569,2.188247245586351
1.7142857142857142,2,52.98047933651832,1.934651480488463,2.3871713447505156
1.7142857142857142,3,58.697573529170874,2.2609302059003102,1.1721054494387675
1.7142857142857142,4,58.14533416426412,2.0791093606185465,1.355672601745905
1.7142857142857142,5,95.06396370515722,4.345425059031565,2.5955105962536327
1.7142857142857142,6,69.85169696049668,2.7759737362132584,1.6097661532276337
1.7142857142857142,7,30.98392221348004,0.7657113713336133,1.152206578163908
1.7142857142857142,8,43.13104818015808,1.627434550137434,2.2601371265641794
1.7142857142857142,9,37.88645446453793,1.2284545647652891,2.0380704816695547
1.7142857142857142,10,65.49716539575202,2.580610210022918,2.1467650472398283
1.7142857142857142,11,154.50144592320567,7.0099178321095685,2.0215217359242486
1.7142857142857142,12,96.1370525313455,4.716667799787961,2.628789918196068
1.7142857142857142,13,50.20421339425162,1.75438076130099,2.26739577327789
1.7142857142857142,14,130.84149277966478,6.105703849233501,1.9167053377980259
1.7142857142857142,15,28.801927147534194,0.8386013028285603,2.4447989537628216
1.7142857142857142,16,151.30714548284348,7.132434620318194,1.938179290440901
1.7142857142857142,17,74141661.55590792,3595296.723411787,1.2667690325830496
1.7142857142857142,18,46.91986322887769,1.3266860190678966,1.3033105937539875
1.7142857142857142,19,162.59135715252455,6.726775030677085,1.5734666255339527
1.7142857142857142,20,118.2336766690042,5.4835476569728545,2.467819016471891
1.7142857142857142,21,111.93407187283444,4.486650113970396,2.4948958586548473
1.7142857142857142,22,59.14276901636023,2.172839983420116,1.6787575933067516
1.7142857142857142,23,42.988427606617655,1.5062800016231441,2.2326472101999353
1.7142857142857142,24,44.82524241837226,1.4066074867987834,2.4969016719798955
1.7142857142857142,25,26.735141846928233,0.6117900071557936,3.5186839981518756
1.7142857142857142,26,59.09352519213838,2.168694237800286,1.9483307548421853
1.7142857142857142,27,116.9068644210412,5.444411151173373,1.8984781150254937
1.7142857142857142,28,46.7221530228789,1.324558793648756,1.4287506114985813
1.7142857142857142,29,33.51903672327046,0.7487070647546523,1.8538227934495117
1.7142857142857142,30,19.302037240457683,0.31489669721133784,1.9717531435845188
1.7142857142857142,31,61.225995011173865,2.1644396314706302,1.327836588098796
1.7142857142857142,32,35.317235239473504,1.138262709831145,1.775802350832543
1.7142857142857142,33,35.52447235437976,0.7714155198527279,1.4358527189064163
1.7142857142857142,34,50.08361819092498,1.655000273065875,1.515336258028653
1.7142857142857142,35,26.80743639764689,0.707961050308972,1.7700706002983446
1.7142857142857142,36,43.161393839210845,1.5362627933035895,1.5198765857869103
1.7142857142857142,37,701185786.670096,33805222.70920193,1.8274100119876422
1.7142857142857142,38,41.016440867428834,1.2534920343310143,1.269819918262287
1.7142857142857142,39,44.14274599046053,1.541051627355667,2.3625412230311644
1.7142857142857142,40,29.01315898024961,0.6160038361732177,1.393976307644735
1.7142857142857142,41,30.949882688406703,0.8264375668257101,1.8593102533723982
1.7142857142857142,42,42.765886098786424,1.4815367040579135,2.0943259152541036
1.7142857142857142,43,15080150.108708628,816965.2222816901,1.349299799232617
1.7142857142857142,44,141.04190406854082,7.090311684255712,1.7671353348755137
1.7142857142857142,45,41.05850008760762,1.3563314299599523,2.6983187629120953
1.7142857142857142,46,78532770.52815504,3977055.4867380853,1.3070419720326178
1.7142857142857142,47,64.34479882218358,2.2758186886519964,1.5156050493183262
1.7142857142857142,48,192.79289859820366,10.136999155558804,1.698327706402
1.7142857142857142,49,49223900.95229496,2715327.2328745956,1.6486618261536101
1.7142857142857142,50,50.92443213161603,1.644459527544667,1.5909601772582733
1.7142857142857142,51,37.77594994981369,1.123110824515575,1.3918398315032152
1.7142857142857142,52,76.14855386512745,3.095414926694538,2.3814080923419323
1.7142857142857142,53,74.24487642391404,2.6900915823315805,1.1986423982565413
1.7142857142857142,54,53.22732490516323,1.6828788596806152,1.5076987862419278
1.7142857142857142,55,31.208317235107113,0.8957956832628189,1.8269612387981082
1.7142857142857142,56,80.59109273630548,3.502802117657706,1.9565799477150283
1.7142857142857142,57,148168112.6837215,8417878.754344096,1.3042274678823973
1.7142857142857142,58,36.5152043595776,0.9563434007066502,1.5272112748115814
1.7142857142857142,59,76.50706841267706,3.1902420601139467,1.4875733366158705
1.7142857142857142,60,53.18158362634044,2.285006567212742,2.791455984569421
1.7142857142857142,61,72.65091829162321,2.624319711454998,1.3802780577344114
1.7142857142857142,62,235963140.3878112,14327441.956398334,1.8889460562654101
1.7142857142857142,63,35.199269688509034,1.2503963784868726,1.2916464819961468
1.7142857142857142,64,30.078337944942884,0.7936313235745747,1.786291264765075
1.7142857142857142,65,41.47184564916729,1.3795760912501502,1.574441419091658
1.7142857142857142,66,80.52116104388192,3.306619831124909,1.7764019969541915
1.7142857142857142,67,14393924.710514218,761769.5981164951,1.8010417320758518
1.7142857142857142,68,52.35930076682121,2.4328150841906413,2.962389162718027
1.7142857142857142,69,28.338461099955403,0.7460309918794058,2.122905241586188
1.7142857142857142,70,78.87819673348389,3.4462201658099265,2.787731433197893
1.7142857142857142,71,19.36992086917874,0.3705580953214693,2.4532166133208753
1.7142857142857142,72,174846028.44279,8465242.783533374,1.131854381365408
1.7142857142857142,73,33.55569095499013,0.957238543848655,1.448993082534168
1.7142857142857142,74,280090416.1281577,17486151.309836328,3.867720027968953
1.7142857142857142,75,37.905687394098734,1.0655233455243776,2.1152557146873896
1.7142857142857142,76,34.69862793134619,1.2465143605613442,3.483367579860877
1.7142857142857142,77,108.46415234332493,4.371728294755726,1.984421553670429
1.7142857142857142,78,57.0942158352639,2.1709237882087877,2.6884445482488544
1.7142857142857142,79,42.61070407815328,1.4638789993619097,2.3027194725483104
1.7142857142857142,80,65.3529111009924,2.45711124912403,2.0681919486590274
1.7142857142857142,81,22.417764347889584,0.41650223600752784,1.8305000559768296
1.7142857142857142,82,54.04856682814969,1.5788724111916979,1.8837210096166421
1.7142857142857142,83,58.719866230132396,2.175044336783831,1.3694688313653274
1.7142857142857142,84,57.59781660167537,2.174376398318991,1.93433330179829
1.7142857142857142,85,62.21147708531677,2.4398469562437533,2.7922403452507947
1.7142857142857142,86,60.06635813614566,2.1918994327617476,1.3772303508865158
1.7142857142857142,87,38.44353213565179,1.0595314449430056,2.485576500734799
1.7142857142857142,88,696.3133566784319,35.39535107781855,1.3633615724717603
1.7142857142857142,89,1182.875613239771,70.27300334448556,2.4377075678184568
1.7142857142857142,90,329.74748537244204,15.006741936658676,1.5137514170051312
1.7142857142857142,91,65.38377386801078,2.5755974656347598,2.1063030879805607
1.7142857142857142,92,65647676.00219328,4055038.4514513044,2.702126945384253
1.7142857142857142,93,60.73308986046316,2.297202263198131,1.7494022493221237
1.7142857142857142,94,594.0399473661837,36.001765146111886,2.18461859693683
1.7142857142857142,95,73.31896055110153,3.077083204852611,2.2200845822960025
1.7142857142857142,96,71.6091593281721,3.1183146605169316,3.295629780913433
1.7142857142857142,97,29.40051728275797,0.7420379728844725,1.8118588897269872
1.7142857142857142,98,42.638050029125985,1.8453032529045226,4.7871773944369265
1.7142857142857142,99,85.97133038520397,3.0299611140521505,1.335383743020102
1.857142857142857,0,27.922226407434433,0.6891130918854567,1.6787197868977854
1.857142857142857,1,46.05384989005566,1.9181206811702116,4.183266665327435
1.857142857142857,2,121.52570622076088,6.334844979928442,1.43149869522986
1.857142857142857,3,83626807.98248911,4399420.848291109,2.8953079844455356
1.857142857142857,4,38.705407482189656,0.8829188390410742,1.3478422468546511
1.857142857142857,5,63.40699604866781,3.2740518569112544,2.451176185837491
1.857142857142857,6,101.50027332231052,4.298996238658742,1.6895386844547624
1.857142857142857,7,47.62763342550442,2.146389978809899,3.40036893863326
1.857142857142857,8,50.7800362513904,2.2018373049731355,4.249485735632188
1.857142857142857,9,39.920267683946435,1.2501387053844217,1.3903726582589018
1.857142857142857,10,292941575.0445641,17304662.740204982,2.3533254824546446
1.857142857142857,11,34.156229891914684,1.107474474116907,1.7682351048310205
1.857142857142857,12,10646048.71178593,463949.56968303793,1.569861235608579
1.857142857142857,13,44.34272402161307,1.5366550617416421,1.2684316217639267
1.857142857142857,14,25.50193192107879,0.5407244837404832,1.4418399570216638
1.857142857142857,15,416859951.1229277,23817843.74263247,2.7402726600853464
1.857142857142857,16,30.485351223247537,0.9453490189356042,1.7322208478869185
1.857142857142857,17,142.3715150747115,6.894804550475232,1.9212614635272807
1.857142857142857,18,41.59595951992502,1.1989048645203422,1.7361163584931494
1.857142857142857,19,45.70375359863491,1.1601207092553543,1.1361748399952685
1.857142857142857,20,1302.5089493552307,65.9500029135118,2.162017497866485
1.857142857142857,21,21.304488298918535,0.35283398423232126,1.9216827177866365
1.857142857142857,22,40.66507401835602,1.1836984268624497,2.1035432059490007
1.857142857142857,23,85.55751327893908,4.02674362576168,1.5872163334677019
1.857142857142857,24,35.641968813677224,1.2098342800405524,2.0399059037309266
1.857142857142857,25,48.290320515180454,1.7092233283759852,1.6227666857762697
1.857142857142857,26,65335389.96647683,3910184.0451179063,6.074345109309617
1.857142857142857,27,42.17825012338561,1.4114981317036501,1.8552330012201728
1.857142857142857,28,45.86395744426748,1.520649096261569,1.6181321628265093
1.857142857142857,29,48.22456321667506,1.6649779552900552,2.1085703755245953
1.857142857142857,30,31.730035659601064,0.7819521558223679,1.3184154691586218
1.857142857142857,31,107.38896023130962,4.169533904255915,1.1404583194557214
1.857142857142857,32,67.7136204284674,2.8866806723314395,2.041449240282812
1.857142857142857,33,31.53516628492896,1.1111837204477917,1.9230236141429857
1.857142857142857,34,54.94251185994755,2.0799090580579995,1.3533881813392588
1.857142857142857,35,38.839792927959955,1.544338754765988,3.6308291615280757
1.857142857142857,36,22.324293226002055,0.3840697648272867,2.0828541532837272
1.857142857142857,37,1329082.0539725777,68998.48421703491,1.483252582422336
1.857142857142857,38,28.606482141162232,0.7674511691194154,1.9150362477973835
1.857142857142857,39,66.46140660869587,1.9940409283918468,1.2036785123364737
1.857142857142857,40,267849628.9169302,13528463.869598823,1.5640749637362967
1.857142857142857,41,16.84452127265676,0.26850355908352563,5.235065895842022
1.857142857142857,42,41.86170013925687,1.3395633796001356,1.5493277171009365
1.857142857142857,43,56.164009703883025,2.8714537580037875,4.909607002390462
1.857142857142857,44,192.85009590227776,8.790741910215802,1.6032484652371166
1.857142857142857,45,41.24280847620844,1.3761679002612313,2.7386113012421704
1.857142857142857,46,32.571663935421,1.1960654716747479,3.7708024995387133
1.857142857142857,47,36.914597671489815,1.1157737655448154,1.8394622425826732
1.857142857142857,48,44777666.485270545,2453783.5836558957,2.022518374517079
1.857142857142857,49,247.06401475044805,12.015808572656955,1.7235839406885527
1.857142857142857,50,341399026.83725333,18896471.6205116,1.6546587576995517
1.857142857142857,51,205.74614972758232,10.719845859598744,1.7545801957798743
1.857142857142857,52,152.98735487692272,6.910261824741356,1.317377763583684
1.857142857142857,53,144.62776279413538,6.174796293709153,1.8015925346018746
1.857142857142857,54,159.44842038879838,7.802987330710538,3.8848031782117993
1.857142857142857,55,35.44060112512304,1.0743094867412089,1.550453056203145
1.857142857142857,56,43.20533846207071,1.37465889158074,1.1054865171699668
1.857142857142857,57,101.08559774519169,5.026831696529237,2.614626581856445
1.857142857142857,58,276.73716395045955,14.45574507828649,1.5821818955836386
1.857142857142857,59,34.65977553937779,1.0179395146687245,2.264012351780404
1.857142857142857,60,49.41308373606149,1.6286848985657125,1.8713871529213253
1.857142857142857,61,33.307652612451506,1.024098489838956,1.9827640696458824
1.857142857142857,62,43.937475001040575,1.3997262064103995,1.6471925772023803
1.857142857142857,63,33.76724540708475,0.9045834750972024,1.5039738312608253
1.857142857142857,64,73.70053335346579,2.8425299454527964,1.5064510576369274
1.857142857142857,65,18.70821081518943,0.42768017204056136,4.978380627102374
1.857142857142857,66,33.953193344813855,1.235196590624857,3.7467310493440737
1.857142857142857,67,55.90795393115865,1.7729709205252104,1.5915427311606676
1.857142857142857,68,31.83344720735811,1.0060582644132605,2.384835570793013
1.857142857142857,69,46.207787662895704,1.4951869508062314,2.0945014037002228
1.857142857142857,70,29.096065525560693,0.6781727909541118,1.501824334719102
1.857142857142857,71,20.207820230615262,0.4546675092301448,2.1190033227853826
1.857142857142857,72,159444977.87606418,10096215.67881774,2.8821613711710707
1.857142857142857,73,26.125114052762605,0.6002399819135278,1.6367886436566164
1.857142857142857,74,63.47410003257285,2.957037657727472,1.5547421777816712
1.857142857142857,75,37.05078545685904,0.9465781439969676,1.3753179445488624
1.857142857142857,76,44.0604584168808,1.264241972677739,1.4798737604391499
1.857142857142857,77,174.40053121825184,10.297803790358586,3.703599352948214
1.857142857142857,78,116.66906644932475,5.297584548677747,2.2703422917680065
1.857142857142857,79,168766718.1239234,9690592.18095839,1.905584027584759
1.857142857142857,80,150.10858673535066,7.187076330541718,2.4813856974731943
1.857142857142857,81,372.57993689910643,20.047804528221548,1.9564797614795508
1.857142857142857,82,30.156238220439533,0.7861182421582432,1.8965213500919742
1.857142857142857,83,33.92605320220528,1.1220095446336074,1.6513523984067475
1.857142857142857,84,39.236602982547524,1.2934492405114748,2.5605523655520397
1.857142857142857,85,27.19301471647145,0.8438210453832742,3.5529659159299465
1.857142857142857,86,37.60566737387375,1.3216941320478675,2.3905192106432627
1.857142857142857,87,38.915806592307156,1.4306883702192936,2.0678576619085107
1.857142857142857,88,51.52409249028589,2.0024886039914302,2.1466151420903112
1.857142857142857,89,59.17497218585407,2.049923372456066,1.3560217828193988
1.857142857142857,90,33.84769291215297,0.9909203465757142,2.140439443222127
1.857142857142857,91,68362664.32541206,3442154.752251526,1.6823808282540091
1.857142857142857,92,34.35247524751693,0.746231405540924,1.6169838739794082
1.857142857142857,93,37.537571861633374,1.1108597256700883,2.0570382759598
1.857142857142857,94,69.97310154447536,3.3632832655080778,3.3736487175476233
1.857142857142857,95,34.420381422240126,1.01956300530414,2.0511071285820615
1.857142857142857,96,38.281862102597465,1.513242859500677,3.0958540961856014
1.857142857142857,97,146.33627306997496,6.911009610150915,2.516181511790758
1.857142857142857,98,27.600354134863714,0.4927224815031222,2.1438867918086584
1.857142857142857,99,67.63538811595205,2.967807094305841,3.0180653639862385
2.0,0,513.8430148409234,26.380284822802377,1.4107773856452455
2.0,1,36.99908791744584,1.2177553358742979,2.5371298253609407
2.0,2,32.995431236729104,0.9002895166954251,2.000534950104056
2.0,3,18.4144264184701,0.19672300035616933,2.2430276446198425
2.0,4,29.20464436526934,1.0637004394224823,2.1987576892228815
2.0,5,83.2817632876761,3.517551448845,1.9153221720448999
2.0,6,93.4697867050697,3.925648575517884,1.5004452802165558
2.0,7,143150097.93189558,6615194.625968916,1.7375877849128007
2.0,8,35.043334954467525,1.082775356207739,2.0540462295449493
2.0,9,56.360851348644594,2.0947841883230187,1.7328339201385379
2.0,10,52.450702603042416,2.1658085460720695,1.4465919507853942
2.0,11,31.319569566141777,0.726188807951747,2.0035322464544256
2.0,12,52.02534046933583,2.108755842946685,2.385780229805156
2.0,13,108.72554513330599,4.912369947999061,3.242597689581353
2.0,14,54.7340704276471,2.044831244948155,1.3732378323990437
2.0,15,23.252366296647278,0.4309719216088279,1.659977164387632
2.0,16,57.43595956602949,2.4521670105799265,1.6546973837710455
2.0,17,109.4088241852465,5.5245063130620355,2.205774564210305
2.0,18,8404869.505914772,457268.6331210793,3.0741906440446636
2.0,19,44.438784869222765,1.135152570665797,1.5604701608484628
2.0,20,653.0609199499905,28.161087877180723,0.9241357508387383
2.0,21,49.09558240358394,1.9712395642835592,1.816435750019542
2.0,22,54.755254487129,1.4835551819141382,0.952034361700932
2.0,23,23.461949041919475,0.45884432077699955,2.176245353091699
2.0,24,164729733.61813122,9594355.941411532,1.8087580247129513
2.0,25,35.59768893377894,1.3076040458171858,2.2593862244837113
2.0,26,69.7093089791553,3.102700263080835,2.156916465030627
2.0,27,47.522911344968776,1.6478867469892737,2.535541979106754
2.0,28,34.58899558809435,0.8983845595691441,1.5034647436443735
2.0,29,9382888.70071624,612911.9468652948,3.127582320094658
2.0,30,54.25417001833208,1.587093654669038,1.4518461399907143
2.0,31,60438833.07217996,2878274.3681804305,1.309234019751019
2.0,32,32.22115477578355,0.7020051358124509,1.4181492065704877
2.0,33,85.5001323851787,3.8409098306396423,2.6011497515321693
2.0,34,43.901307560148666,1.5535841168181699,1.8330329555211016
2.0,35,387701109.59429675,19818574.034965094,1.483176784128046
2.0,36,50.07574167318527,2.419985197391846,3.544721495128269
2.0,37,158076751.09956762,9268477.818862878,2.7077458732774655
2.0,38,63.955598493578265,2.7449789082801663,2.246955169443265
2.0,39,590871387.944294,31442777.54889986,2.2727254393999283
2.0,40,86.78491512970696,3.861612078484504,2.036740493879176
2.0,41,65.63303869027153,3.216650163845362,1.6195322625066804
2.0,42,186.20251259043553,9.347541596663772,1.8283626877911656
2.0,43,29.3449953772256,0.8243607790825435,3.860451730767969
2.0,44,53.77627179744993,2.103966120868822,2.6235889676519815
2.0,45,50.89474153496982,1.7222688298690525,1.556394884275429
2.0,46,117.90360117566482,5.585934922697561,1.8306503296844794
2.0,47,23.060530282319874,0.48662074572255914,2.181423808681551
2.0,48,28.174037759737626,0.6399389370226576,2.577683843138724
2.0,49,985543.457553032,56883.543467123265,3.185728600738631
2.0,50,52.67257197256831,2.310734012895137,2.1259076160245054
2.0,51,64.30320710249579,2.577297134226683,1.9168749088401584
2.0,52,45.18947412403838,1.5474746221933757,2.0865657004687788
2.0,53,28.088200994632754,0.553344669009485,1.2325358435546134
2.0,54,35.61558256159716,1.2002514746274127,5.252933153624597
2.0,55,66.55822678138017,3.095508738967223,2.349288534222804
2.0,56,70.53278639694778,2.643112925487259,2.038477804545971
2.0,57,20402699.20555017,993716.4430437828,1.2455679400628283
2.0,58,48529595.86017221,2532149.71280348,1.685066610251669
2.0,59,27.768453021225874,0.6120365608649478,1.5778685691417023
2.0,60,56.12995464755773,1.805852730342558,1.722692106385441
2.0,61,62.02391604917598,2.0486651844779176,1.6527739880718062
2.0,62,32.044146964035114,0.8479341369893522,1.6595372451621286
2.0,63,46.41375619452726,1.373484902384913,1.4349523617866862
2.0,64,45.19814126812601,1.617030255830964,1.8934888548916902
2.0,65,44.43406578133006,1.4244989558085972,1.5776837812394537
2.0,66,75.58714592646687,4.140823523205477,2.269480891147966
2.0,67,34.996852898946116,0.9163299766329186,1.6095812395382743
2.0,68,40.68477653987102,1.0401244632714135,1.1818696275708358
2.0,69,19.965902494869663,0.2505897115812668,1.1550685250853374
2.0,70,68.64783522264285,2.53837832679287,1.7070796946337363
2.0,71,40.64957055622896,1.6741236517532998,2.448507081900853
2.0,72,129.83374049109528,5.3054696554209295,1.515938074260316
2.0,73,55.819599828713706,1.8674903666312161,1.1056554940771401
2.0,74,38.62418536169105,1.228679138924463,3.1793241526463674
2.0,75,26.410177524931783,1.0023621787216983,3.610753159277838
2.0,76,63.86508964677434,2.3650567653382666,1.6160261123324418
2.0,77,31.26887934603718,0.7087719516911616,1.7402000420892463
2.0,78,19.52649347040579,0.2606756853870151,2.5878970244709905
2.0,79,462529640.04747754,26284608.83060682,1.5808441758964293
2.0,80,28.750711786592902,0.5696972973062098,1.0790818207821886
2.0,81,140.2582380826673,5.834237513014433,1.477708940272181
2.0,82,48.16316238983321,1.963702633074926,2.3790090764935856
2.0,83,37.545501561641565,1.6687433482775869,1.6626455094760442
2.0,84,34.884144354449646,1.1115861676938155,1.749706114266008
2.0,85,34.52991955795231,0.9702567147729011,1.6850263467762214
2.0,86,291847515.02667564,15193099.77566015,2.2847117265351975
2.0,87,57.04884120515466,1.8998325727430054,2.0653183607697483
2.0,88,321333931.5474641,17394114.099253226,1.0709722281831164
2.0,89,141.29085459631173,6.973793149712413,1.9280625746775613
2.0,90,45.061192342046944,2.111696338038483,5.757096705210928
2.0,91,26.347055432316996,0.7060908237303074,2.906216044929368
2.0,92,21.730612319667234,0.46048274631348185,2.1803591447672335
2.0,93,27.300912789549407,0.5816525850197632,3.143146358619686
2.0,94,26.79472062756398,0.5390652649132054,1.567061819946215
2.0,95,164.66562540836728,7.761160898309365,2.6530890556266287
2.0,96,30.55406438736954,0.8280479264059972,1.42431484383535
2.0,97,33.0457869508147,0.9445665496246304,1.6595094803380122
2.0,98,219327454.10668653,10986795.169682657,1.9677348797196517
2.0,99,145.93445393388046,6.746354137612339,1.9062559187899175
